PRAGMA foreign_keys=OFF;
BEGIN TRANSACTION;
CREATE TABLE "django_admin_log" (
    "id" integer NOT NULL PRIMARY KEY,
    "action_time" datetime NOT NULL,
    "user_id" integer NOT NULL,
    "content_type_id" integer,
    "object_id" text,
    "object_repr" varchar(200) NOT NULL,
    "action_flag" smallint unsigned NOT NULL,
    "change_message" text NOT NULL
);
INSERT INTO "django_admin_log" VALUES(1,'2014-02-12 18:47:37.779021',1,7,'1','1-2010',1,'');
INSERT INTO "django_admin_log" VALUES(2,'2014-02-12 18:47:56.513210',1,8,'arlindo','arlindo',1,'');
INSERT INTO "django_admin_log" VALUES(3,'2014-02-12 18:48:05.718314',1,8,'dave','dave',1,'');
INSERT INTO "django_admin_log" VALUES(4,'2014-02-12 18:48:14.757668',1,8,'cam','cam',1,'');
INSERT INTO "django_admin_log" VALUES(5,'2014-02-12 18:48:22.116986',1,8,'rob','rob',1,'');
INSERT INTO "django_admin_log" VALUES(6,'2014-02-12 18:48:45.329111',1,9,'1','2014-02-12-1',1,'');
INSERT INTO "django_admin_log" VALUES(7,'2014-02-12 18:49:42.498601',1,9,'2','2014-02-12-2',1,'');
INSERT INTO "django_admin_log" VALUES(8,'2014-02-12 18:54:12.120757',1,9,'2','2014-02-12-2',2,'Changed sptmember for play "2014-02-12-2-dave".');
INSERT INTO "django_admin_log" VALUES(9,'2014-02-12 18:54:23.250993',1,9,'2','2014-02-12-2',2,'Changed sptmember for play "2014-02-12-2-dave".');
INSERT INTO "django_admin_log" VALUES(10,'2014-02-13 01:04:55.395335',1,9,'3','2014-02-13-1',1,'');
INSERT INTO "django_admin_log" VALUES(11,'2014-02-13 03:42:06.685374',1,7,'2','2-2010',1,'');
INSERT INTO "django_admin_log" VALUES(12,'2014-02-13 03:42:37.248186',1,9,'4','2014-02-16-1',1,'');
INSERT INTO "django_admin_log" VALUES(13,'2014-02-13 03:55:36.113801',1,7,'2','2-2010',3,'');
INSERT INTO "django_admin_log" VALUES(14,'2014-02-13 04:03:51.332742',1,8,'Bobyourunclietom','Bobyourunclietom',1,'');
INSERT INTO "django_admin_log" VALUES(15,'2014-02-13 04:03:55.612663',1,9,'2','2014-02-12-2',2,'Added play "2014-02-12-2-Bobyourunclietom".');
INSERT INTO "django_admin_log" VALUES(16,'2014-02-13 04:08:25.321631',1,8,'notspt','notspt',1,'');
INSERT INTO "django_admin_log" VALUES(17,'2014-02-13 04:08:40.548158',1,9,'2','2014-02-12-2',2,'Added play "2014-02-12-2-notspt".');
INSERT INTO "django_admin_log" VALUES(18,'2014-02-13 07:59:37.074231',1,9,'4','2014-02-14-1',1,'');
INSERT INTO "django_admin_log" VALUES(19,'2014-02-13 08:00:05.382335',1,9,'4','2014-02-14-1',2,'Changed placement for play "2014-02-14-1-arlindo". Changed placement for play "2014-02-14-1-dave".');
INSERT INTO "django_admin_log" VALUES(20,'2014-02-13 11:44:00.278300',1,11,'1','2014-02-13 11:44:00.277343+00:00',1,'');
INSERT INTO "django_admin_log" VALUES(21,'2014-02-13 11:51:15.097812',1,11,'1','2014-02-13 11:51:15.096383+00:00',2,'Changed newsflash.');
INSERT INTO "django_admin_log" VALUES(22,'2014-02-13 11:51:29.752511',1,11,'2','2014-02-13 11:51:29.752008+00:00',1,'');
INSERT INTO "django_admin_log" VALUES(23,'2014-02-13 11:51:56.187007',1,11,'2','2014-02-13 11:51:29.752008+00:00',3,'');
INSERT INTO "django_admin_log" VALUES(24,'2014-02-13 12:00:15.957634',1,11,'1','2014-02-13 12:00:15.956632+00:00',2,'Changed newsflash.');
INSERT INTO "django_admin_log" VALUES(25,'2014-02-13 12:31:00.844635',1,11,'1','2014-02-13 12:31:00.842706+00:00',2,'Changed newsflash.');
INSERT INTO "django_admin_log" VALUES(26,'2014-02-13 12:31:27.909126',1,11,'1','2014-02-13 12:31:27.906415+00:00',2,'Changed newsflash.');
INSERT INTO "django_admin_log" VALUES(27,'2014-02-13 12:37:06.564504',1,7,'2','2-2010',1,'');
INSERT INTO "django_admin_log" VALUES(28,'2014-02-13 12:37:28.988399',1,9,'5','2014-02-15-1',1,'');
INSERT INTO "django_admin_log" VALUES(29,'2014-02-13 12:38:54.119870',1,9,'6','2014-02-15-2',1,'');
INSERT INTO "django_admin_log" VALUES(30,'2014-02-13 12:43:12.095810',1,7,'2','2-2010',3,'');
INSERT INTO "django_admin_log" VALUES(31,'2014-02-13 12:43:59.033855',1,9,'5','2014-02-14-2',1,'');
INSERT INTO "django_admin_log" VALUES(32,'2014-02-15 21:17:09.000239',1,9,'6','2014-02-15-1',1,'');
INSERT INTO "django_admin_log" VALUES(33,'2014-02-16 05:42:12.153763',1,8,'p1','p1',1,'');
INSERT INTO "django_admin_log" VALUES(34,'2014-02-16 05:42:24.724809',1,8,'p2','p2',1,'');
INSERT INTO "django_admin_log" VALUES(35,'2014-02-16 05:42:34.065361',1,8,'p3','p3',1,'');
INSERT INTO "django_admin_log" VALUES(36,'2014-02-16 05:42:41.386767',1,8,'p4','p4',1,'');
INSERT INTO "django_admin_log" VALUES(37,'2014-02-16 05:42:46.758141',1,9,'7','2014-02-17-1',1,'');
INSERT INTO "django_admin_log" VALUES(38,'2014-02-16 08:35:14.473739',1,7,'2','2-2010',1,'');
INSERT INTO "django_admin_log" VALUES(39,'2014-02-16 08:35:24.645405',1,7,'3','3-2010',1,'');
INSERT INTO "django_admin_log" VALUES(40,'2014-02-16 08:35:33.251132',1,7,'4','4-2010',1,'');
INSERT INTO "django_admin_log" VALUES(41,'2014-02-16 08:35:40.157335',1,7,'5','5-2010',1,'');
INSERT INTO "django_admin_log" VALUES(42,'2014-02-16 08:35:44.237473',1,7,'6','6-2010',1,'');
INSERT INTO "django_admin_log" VALUES(43,'2014-02-16 08:35:50.543104',1,7,'7','7-2010',1,'');
INSERT INTO "django_admin_log" VALUES(44,'2014-02-16 08:36:33.474730',1,8,'kabeer','kabeer',1,'');
INSERT INTO "django_admin_log" VALUES(45,'2014-02-16 08:36:40.060793',1,9,'3','2014-02-13-1',2,'Changed players for play "2014-02-13-1-kabeer".');
INSERT INTO "django_admin_log" VALUES(46,'2014-02-16 08:37:16.144019',1,8,'Eddie','Eddie',1,'');
INSERT INTO "django_admin_log" VALUES(47,'2014-02-16 08:37:25.954377',1,9,'8','2010-02-17-1',1,'');
INSERT INTO "django_admin_log" VALUES(48,'2014-02-16 08:37:52.149111',1,8,'pete','pete',1,'');
INSERT INTO "django_admin_log" VALUES(49,'2014-02-16 08:37:59.713236',1,9,'9','2010-02-18-1',1,'');
INSERT INTO "django_admin_log" VALUES(50,'2014-02-16 08:38:24.972097',1,9,'10','2010-02-19-1',1,'');
INSERT INTO "django_admin_log" VALUES(51,'2014-02-16 08:38:46.735778',1,9,'11','2010-02-20-1',1,'');
INSERT INTO "django_admin_log" VALUES(52,'2014-02-16 08:39:04.636424',1,9,'12','2010-02-21-1',1,'');
INSERT INTO "django_admin_log" VALUES(53,'2014-02-16 08:39:28.154929',1,8,'walt','walt',1,'');
INSERT INTO "django_admin_log" VALUES(54,'2014-02-16 08:39:33.477242',1,9,'13','2010-02-22-1',1,'');
INSERT INTO "django_admin_log" VALUES(55,'2014-02-16 08:39:56.807056',1,9,'13','2010-02-22-1',2,'Changed finalseasongame.');
INSERT INTO "django_admin_log" VALUES(56,'2014-02-16 08:40:09.594577',1,9,'10','2010-02-19-1',2,'Changed finalseasongame.');
INSERT INTO "django_admin_log" VALUES(57,'2014-02-16 08:40:23.970702',1,9,'12','2010-02-21-1',2,'Changed finalseasongame.');
INSERT INTO "django_admin_log" VALUES(58,'2014-02-16 08:41:20.016634',1,7,'8','8-2010',1,'');
INSERT INTO "django_admin_log" VALUES(59,'2014-02-16 08:41:33.383938',1,9,'14','2014-02-19-1',1,'');
INSERT INTO "django_admin_log" VALUES(60,'2014-02-16 08:41:48.904831',1,9,'15','2014-02-19-2',1,'');
INSERT INTO "django_admin_log" VALUES(61,'2014-02-17 04:43:08.553092',1,3,'1','sptadmin',1,'');
INSERT INTO "django_admin_log" VALUES(62,'2014-02-17 04:43:53.298848',1,4,'2','sarlindo',1,'');
INSERT INTO "django_admin_log" VALUES(63,'2014-02-17 04:44:17.873135',1,4,'2','sarlindo',2,'Changed groups.');
INSERT INTO "django_admin_log" VALUES(64,'2014-02-17 04:45:47.805188',1,4,'2','sarlindo',2,'Changed is_staff.');
INSERT INTO "django_admin_log" VALUES(65,'2014-02-17 04:46:34.355476',2,9,'16','2014-02-20-1',1,'');
INSERT INTO "django_admin_log" VALUES(66,'2014-02-17 04:49:52.817800',2,9,'17','2014-02-20-2',1,'');
INSERT INTO "django_admin_log" VALUES(67,'2014-02-17 06:18:13.951275',1,8,'Walt','Walt',2,'Changed firstname and emailaddress.');
INSERT INTO "django_admin_log" VALUES(68,'2014-02-17 06:18:43.138677',1,8,'Rob','Rob',2,'Changed firstname and emailaddress.');
INSERT INTO "django_admin_log" VALUES(69,'2014-02-17 06:19:13.189769',1,8,'walt','walt',3,'');
INSERT INTO "django_admin_log" VALUES(70,'2014-02-17 06:19:13.269467',1,8,'rob','rob',3,'');
INSERT INTO "django_admin_log" VALUES(71,'2014-02-17 06:20:09.230858',1,8,'Pete','Pete',2,'Changed firstname and emailaddress.');
INSERT INTO "django_admin_log" VALUES(72,'2014-02-17 06:20:25.978592',1,8,'pete','pete',3,'');
INSERT INTO "django_admin_log" VALUES(73,'2014-02-17 06:20:26.022709',1,8,'p4','p4',3,'');
INSERT INTO "django_admin_log" VALUES(74,'2014-02-17 06:20:26.045485',1,8,'p3','p3',3,'');
INSERT INTO "django_admin_log" VALUES(75,'2014-02-17 06:20:26.061107',1,8,'p2','p2',3,'');
INSERT INTO "django_admin_log" VALUES(76,'2014-02-17 06:20:26.090507',1,8,'p1','p1',3,'');
INSERT INTO "django_admin_log" VALUES(77,'2014-02-17 06:20:26.106999',1,8,'notspt','notspt',3,'');
INSERT INTO "django_admin_log" VALUES(78,'2014-02-17 06:21:30.998686',1,8,'Shivak','Shivak',2,'Changed firstname and emailaddress.');
INSERT INTO "django_admin_log" VALUES(79,'2014-02-17 06:21:39.467276',1,8,'dave','dave',3,'');
INSERT INTO "django_admin_log" VALUES(80,'2014-02-17 06:21:56.341988',1,8,'Arlindo','Arlindo',2,'Changed firstname and emailaddress.');
INSERT INTO "django_admin_log" VALUES(81,'2014-02-17 06:22:02.869567',1,8,'arlindo','arlindo',3,'');
INSERT INTO "django_admin_log" VALUES(82,'2014-02-17 06:22:25.087823',1,8,'Cam','Cam',2,'Changed firstname and emailaddress.');
INSERT INTO "django_admin_log" VALUES(83,'2014-02-17 06:22:31.204946',1,8,'cam','cam',3,'');
INSERT INTO "django_admin_log" VALUES(84,'2014-02-17 06:22:39.289781',1,8,'Bobyourunclietom','Bobyourunclietom',3,'');
INSERT INTO "django_admin_log" VALUES(85,'2014-02-17 06:26:59.728486',1,8,'Kab','Kab',2,'Changed firstname and emailaddress.');
INSERT INTO "django_admin_log" VALUES(86,'2014-02-17 06:27:08.815893',1,8,'kabeer','kabeer',3,'');
INSERT INTO "django_admin_log" VALUES(87,'2014-02-17 06:27:37.612570',1,8,'Eddie','Eddie',2,'Changed emailaddress.');
INSERT INTO "django_admin_log" VALUES(88,'2014-02-17 06:29:27.297142',1,8,'Brint','Brint',1,'');
INSERT INTO "django_admin_log" VALUES(89,'2014-02-17 06:29:46.665102',1,8,'Eddie','Eddie',2,'Changed emailaddress.');
INSERT INTO "django_admin_log" VALUES(90,'2014-02-17 06:30:08.542197',1,8,'Anu','Anu',1,'');
INSERT INTO "django_admin_log" VALUES(91,'2014-02-17 06:30:33.890950',1,8,'Dom','Dom',1,'');
INSERT INTO "django_admin_log" VALUES(92,'2014-02-17 06:31:50.857870',1,8,'Joe','Joe',1,'');
INSERT INTO "django_admin_log" VALUES(93,'2014-02-17 06:32:40.803219',1,8,'Zubin','Zubin',1,'');
INSERT INTO "django_admin_log" VALUES(94,'2014-02-17 06:33:25.054530',1,8,'Naren','Naren',1,'');
INSERT INTO "django_admin_log" VALUES(95,'2014-02-17 06:33:50.689589',1,8,'Rish','Rish',1,'');
INSERT INTO "django_admin_log" VALUES(96,'2014-02-17 06:34:42.875302',1,8,'Jesse','Jesse',1,'');
INSERT INTO "django_admin_log" VALUES(97,'2014-02-17 06:35:10.199470',1,8,'JohnT','JohnT',1,'');
INSERT INTO "django_admin_log" VALUES(98,'2014-02-17 06:35:53.299154',1,8,'Bursic','Bursic',1,'');
INSERT INTO "django_admin_log" VALUES(99,'2014-02-17 06:37:39.926972',1,7,'1','1-2006',2,'Changed seasonyear.');
INSERT INTO "django_admin_log" VALUES(100,'2014-02-17 06:38:00.748913',1,7,'2','2-2006',2,'Changed seasonyear.');
INSERT INTO "django_admin_log" VALUES(101,'2014-02-17 06:38:08.122153',1,7,'3','3-2007',2,'Changed seasonyear.');
INSERT INTO "django_admin_log" VALUES(102,'2014-02-17 06:38:15.181788',1,7,'4','4-2007',2,'Changed seasonyear.');
INSERT INTO "django_admin_log" VALUES(103,'2014-02-17 06:38:22.980101',1,7,'5','5-2008',2,'Changed seasonyear.');
INSERT INTO "django_admin_log" VALUES(104,'2014-02-17 06:38:30.312386',1,7,'6','6-2008',2,'Changed seasonyear.');
INSERT INTO "django_admin_log" VALUES(105,'2014-02-17 06:38:39.593218',1,7,'7','7-2009',2,'Changed seasonyear.');
INSERT INTO "django_admin_log" VALUES(106,'2014-02-17 06:38:48.342938',1,7,'8','8-2009',2,'Changed seasonyear.');
INSERT INTO "django_admin_log" VALUES(107,'2014-02-17 06:39:35.797384',1,7,'9','9-2010',1,'');
INSERT INTO "django_admin_log" VALUES(108,'2014-02-17 06:39:53.799173',1,7,'10','10-2009',1,'');
INSERT INTO "django_admin_log" VALUES(109,'2014-02-17 06:40:39.185183',1,7,'10','10-2010',2,'Changed seasonyear.');
INSERT INTO "django_admin_log" VALUES(110,'2014-02-17 06:40:51.848861',1,7,'11','11-2011',1,'');
INSERT INTO "django_admin_log" VALUES(111,'2014-02-17 06:41:00.347055',1,7,'12','12-2011',1,'');
INSERT INTO "django_admin_log" VALUES(112,'2014-02-17 06:41:12.843962',1,7,'13','13-2012',1,'');
INSERT INTO "django_admin_log" VALUES(113,'2014-02-17 06:41:25.542086',1,7,'14','14-2012',1,'');
INSERT INTO "django_admin_log" VALUES(114,'2014-02-17 06:41:46.941431',1,7,'15','15-2013',1,'');
INSERT INTO "django_admin_log" VALUES(115,'2014-02-17 06:42:00.438291',1,7,'16','16-2013',1,'');
INSERT INTO "django_admin_log" VALUES(116,'2014-02-17 06:43:47.023109',1,9,'8','2006-06-17-1',2,'Changed gamedate.');
INSERT INTO "django_admin_log" VALUES(117,'2014-02-17 06:44:36.088570',1,9,'9','2007-06-17-1',2,'Changed gamedate.');
INSERT INTO "django_admin_log" VALUES(118,'2014-02-17 06:45:01.857682',1,9,'10','2007-06-16-1',2,'Changed gamedate.');
INSERT INTO "django_admin_log" VALUES(119,'2014-02-17 06:45:35.245326',1,9,'11','2008-06-16-1',2,'Changed gamedate.');
INSERT INTO "django_admin_log" VALUES(120,'2014-02-17 06:45:59.653796',1,9,'12','2008-06-17-1',2,'Changed gamedate.');
INSERT INTO "django_admin_log" VALUES(121,'2014-02-17 06:46:24.203116',1,9,'13','2009-06-16-1',2,'Changed gamedate.');
INSERT INTO "django_admin_log" VALUES(122,'2014-02-17 06:47:29.450074',1,9,'3','2006-12-12-1',2,'Changed gamedate.');
INSERT INTO "django_admin_log" VALUES(123,'2014-02-17 06:48:21.276787',1,9,'8','2006-12-13-1',2,'Changed gamedate.');
INSERT INTO "django_admin_log" VALUES(124,'2014-02-17 06:48:40.840721',1,9,'3','2006-06-12-1',2,'Changed gamedate.');
INSERT INTO "django_admin_log" VALUES(125,'2014-02-17 06:48:51.551951',1,9,'3','2006-06-17-1',2,'Changed gamedate.');
INSERT INTO "django_admin_log" VALUES(126,'2014-02-17 06:49:01.574635',1,9,'8','2006-12-12-1',2,'Changed gamedate.');
INSERT INTO "django_admin_log" VALUES(127,'2014-02-17 06:49:32.880944',1,9,'10','2007-12-12-1',2,'Changed gamedate.');
INSERT INTO "django_admin_log" VALUES(128,'2014-02-17 06:49:45.594219',1,9,'9','2007-06-17-1',2,'No fields changed.');
INSERT INTO "django_admin_log" VALUES(129,'2014-02-17 06:50:23.377155',1,9,'12','2008-12-12-1',2,'Changed gamedate.');
INSERT INTO "django_admin_log" VALUES(130,'2014-02-17 06:50:35.586653',1,9,'11','2008-06-17-1',2,'Changed gamedate.');
INSERT INTO "django_admin_log" VALUES(131,'2014-02-17 06:51:04.261408',1,9,'13','2009-06-07-1',2,'Changed gamedate.');
INSERT INTO "django_admin_log" VALUES(132,'2014-02-17 06:51:15.076980',1,9,'13','2009-06-17-1',2,'Changed gamedate.');
INSERT INTO "django_admin_log" VALUES(133,'2014-02-17 06:51:41.301260',1,9,'18','2009-12-12-1',1,'');
INSERT INTO "django_admin_log" VALUES(134,'2014-02-17 06:52:35.222698',1,9,'19','2010-06-17-1',1,'');
INSERT INTO "django_admin_log" VALUES(135,'2014-02-17 06:53:00.238234',1,9,'20','2010-12-12-1',1,'');
INSERT INTO "django_admin_log" VALUES(136,'2014-02-17 06:53:29.407974',1,9,'21','2011-06-17-1',1,'');
INSERT INTO "django_admin_log" VALUES(137,'2014-02-17 06:53:51.418189',1,9,'22','2011-12-12-1',1,'');
INSERT INTO "django_admin_log" VALUES(138,'2014-02-17 06:54:10.279069',1,9,'23','2012-06-17-1',1,'');
INSERT INTO "django_admin_log" VALUES(139,'2014-02-17 06:54:25.996689',1,9,'24','2012-12-12-1',1,'');
INSERT INTO "django_admin_log" VALUES(140,'2014-02-17 06:54:50.451253',1,9,'25','2013-06-17-1',1,'');
INSERT INTO "django_admin_log" VALUES(141,'2014-02-17 06:55:14.889336',1,9,'1','2014-02-12-1',3,'');
INSERT INTO "django_admin_log" VALUES(142,'2014-02-17 06:55:14.995197',1,9,'2','2014-02-12-2',3,'');
INSERT INTO "django_admin_log" VALUES(143,'2014-02-17 06:55:15.018217',1,9,'4','2014-02-14-1',3,'');
INSERT INTO "django_admin_log" VALUES(144,'2014-02-17 06:55:15.039004',1,9,'5','2014-02-14-2',3,'');
INSERT INTO "django_admin_log" VALUES(145,'2014-02-17 06:55:15.061932',1,9,'6','2014-02-15-1',3,'');
INSERT INTO "django_admin_log" VALUES(146,'2014-02-17 06:55:15.083585',1,9,'7','2014-02-17-1',3,'');
INSERT INTO "django_admin_log" VALUES(147,'2014-02-17 06:55:15.107858',1,9,'14','2014-02-19-1',3,'');
INSERT INTO "django_admin_log" VALUES(148,'2014-02-17 06:55:15.136126',1,9,'15','2014-02-19-2',3,'');
INSERT INTO "django_admin_log" VALUES(149,'2014-02-17 06:55:15.161560',1,9,'16','2014-02-20-1',3,'');
INSERT INTO "django_admin_log" VALUES(150,'2014-02-17 06:55:15.179267',1,9,'17','2014-02-20-2',3,'');
INSERT INTO "django_admin_log" VALUES(151,'2014-02-17 07:08:39.063094',1,9,'11','2008-06-17-1',2,'Added play "2008-06-17-1-Arlindo".');
INSERT INTO "django_admin_log" VALUES(152,'2014-02-17 07:08:56.253644',1,9,'12','2008-12-12-1',2,'Added play "2008-12-12-1-Arlindo".');
INSERT INTO "django_admin_log" VALUES(153,'2014-02-17 07:09:10.683314',1,9,'13','2009-06-17-1',2,'Added play "2009-06-17-1-Walt".');
INSERT INTO "django_admin_log" VALUES(154,'2014-02-17 07:09:55.771693',1,9,'3','2006-06-17-1',2,'Added play "2006-06-17-1-Kab".');
INSERT INTO "django_admin_log" VALUES(155,'2014-02-17 07:10:07.599887',1,9,'9','2007-06-17-1',2,'Added play "2007-06-17-1-Cam".');
INSERT INTO "django_admin_log" VALUES(156,'2014-02-17 07:18:38.389771',1,9,'9','2007-06-17-1',2,'Changed players for play "2007-06-17-1-Pete".');
INSERT INTO "django_admin_log" VALUES(157,'2014-02-17 07:18:50.642341',1,9,'10','2007-12-12-1',2,'Added play "2007-12-12-1-Cam".');
INSERT INTO "django_admin_log" VALUES(158,'2014-02-17 07:36:08.266264',1,9,'3','2006-06-17-1',2,'No fields changed.');
INSERT INTO "django_admin_log" VALUES(159,'2014-02-17 07:36:46.115208',1,9,'26','2014-02-21-1',1,'');
INSERT INTO "django_admin_log" VALUES(160,'2014-02-17 07:37:11.745112',1,9,'26','2014-02-21-1',3,'');
INSERT INTO "django_admin_log" VALUES(161,'2014-02-17 08:05:38.530598',1,9,'26','2014-02-21-1',1,'');
INSERT INTO "django_admin_log" VALUES(162,'2014-02-17 08:07:21.779839',1,9,'26','2014-02-21-1',3,'');
INSERT INTO "django_admin_log" VALUES(163,'2014-02-17 08:07:29.508295',1,9,'3','2006-06-17-1',2,'No fields changed.');
INSERT INTO "django_admin_log" VALUES(164,'2014-02-17 08:07:57.903783',1,9,'3','2006-06-17-1',2,'Changed players for play "2006-06-17-1-Eddie".');
INSERT INTO "django_admin_log" VALUES(165,'2014-02-17 08:08:15.714409',1,9,'3','2006-06-17-1',2,'Changed players for play "2006-06-17-1-Kab".');
INSERT INTO "django_admin_log" VALUES(166,'2014-02-17 08:09:12.000433',1,9,'3','2006-06-17-1',2,'Changed players for play "2006-06-17-1-Rob".');
INSERT INTO "django_admin_log" VALUES(167,'2014-02-17 08:09:23.431823',1,9,'3','2006-06-17-1',2,'Changed players for play "2006-06-17-1-Kab".');
INSERT INTO "django_admin_log" VALUES(168,'2014-02-17 08:09:33.046401',1,9,'8','2006-12-12-1',2,'No fields changed.');
INSERT INTO "django_admin_log" VALUES(169,'2014-02-17 08:09:39.289126',1,9,'8','2006-12-12-1',2,'Changed players for play "2006-12-12-1-Walt".');
INSERT INTO "django_admin_log" VALUES(170,'2014-02-17 08:09:45.809944',1,9,'8','2006-12-12-1',2,'Changed players for play "2006-12-12-1-Eddie".');
INSERT INTO "django_admin_log" VALUES(171,'2014-02-17 08:09:56.292074',1,9,'9','2007-06-17-1',2,'Changed players for play "2007-06-17-1-Rob".');
INSERT INTO "django_admin_log" VALUES(172,'2014-02-17 08:10:03.330680',1,9,'9','2007-06-17-1',2,'Changed players for play "2007-06-17-1-Pete".');
INSERT INTO "django_admin_log" VALUES(173,'2014-02-17 08:10:11.633792',1,9,'10','2007-12-12-1',2,'Changed players for play "2007-12-12-1-Rish".');
INSERT INTO "django_admin_log" VALUES(174,'2014-02-17 08:10:19.616150',1,9,'10','2007-12-12-1',2,'Changed players for play "2007-12-12-1-Cam".');
INSERT INTO "django_admin_log" VALUES(175,'2014-02-17 08:10:28.808285',1,9,'11','2008-06-17-1',2,'Changed players for play "2008-06-17-1-Zubin".');
INSERT INTO "django_admin_log" VALUES(176,'2014-02-17 08:10:35.179385',1,9,'11','2008-06-17-1',2,'Changed players for play "2008-06-17-1-Arlindo".');
INSERT INTO "django_admin_log" VALUES(177,'2014-02-17 08:10:46.088797',1,9,'12','2008-12-12-1',2,'Changed players for play "2008-12-12-1-Naren".');
INSERT INTO "django_admin_log" VALUES(178,'2014-02-17 08:10:51.396217',1,9,'12','2008-12-12-1',2,'Changed players for play "2008-12-12-1-Arlindo".');
INSERT INTO "django_admin_log" VALUES(179,'2014-02-17 08:11:01.863379',1,9,'13','2009-06-17-1',2,'Changed players for play "2009-06-17-1-Jesse".');
INSERT INTO "django_admin_log" VALUES(180,'2014-02-17 08:11:08.143344',1,9,'13','2009-06-17-1',2,'Changed players for play "2009-06-17-1-Walt".');
INSERT INTO "django_admin_log" VALUES(181,'2014-02-17 08:26:45.827873',1,9,'26','2013-09-27-1',1,'');
INSERT INTO "django_admin_log" VALUES(182,'2014-02-17 08:29:23.430146',1,9,'27','2013-09-27-2',1,'');
INSERT INTO "django_admin_log" VALUES(183,'2014-02-17 08:32:57.734097',1,9,'26','2013-09-27-1',2,'Deleted play "2013-09-27-1-Anu".');
INSERT INTO "django_admin_log" VALUES(184,'2014-02-17 08:38:01.470220',1,9,'28','2013-10-11-1',1,'');
INSERT INTO "django_admin_log" VALUES(185,'2014-02-17 08:40:41.261056',1,9,'29','2013-10-11-2',1,'');
INSERT INTO "django_admin_log" VALUES(186,'2014-02-17 08:44:46.954208',1,9,'30','2013-10-25-1',1,'');
INSERT INTO "django_admin_log" VALUES(187,'2014-02-17 08:47:09.807133',1,9,'31','2013-10-25-2',1,'');
INSERT INTO "django_admin_log" VALUES(188,'2014-02-17 08:51:27.643198',1,9,'32','2013-11-08-1',1,'');
INSERT INTO "django_admin_log" VALUES(189,'2014-02-17 08:53:18.203419',1,9,'33','2013-11-08-2',1,'');
INSERT INTO "django_admin_log" VALUES(190,'2014-02-17 09:00:29.224272',1,9,'34','2013-11-22-1',1,'');
INSERT INTO "django_admin_log" VALUES(191,'2014-02-17 09:00:39.869332',1,9,'34','2013-11-22-1',2,'Deleted play "2013-11-22-1-Zubin".');
INSERT INTO "django_admin_log" VALUES(192,'2014-02-17 09:02:18.222547',1,9,'34','2013-11-22-1',2,'Changed placement for play "2013-11-22-1-Jesse". Changed placement and payout for play "2013-11-22-1-Cam". Changed placement and payout for play "2013-11-22-1-Shivak". Changed placement and payout for play "2013-11-22-1-Brint".');
INSERT INTO "django_admin_log" VALUES(193,'2014-02-17 09:04:44.964326',1,9,'35','2013-11-22-2',1,'');
INSERT INTO "django_admin_log" VALUES(194,'2014-02-17 09:08:28.060850',1,9,'36','2013-12-06-1',1,'');
INSERT INTO "django_admin_log" VALUES(195,'2014-02-17 09:10:27.096035',1,9,'37','2014-12-06-2',1,'');
INSERT INTO "django_admin_log" VALUES(196,'2014-02-17 09:13:10.716825',1,9,'38','2013-12-20-1',1,'');
INSERT INTO "django_admin_log" VALUES(197,'2014-02-17 09:15:21.180039',1,9,'39','2013-12-20-2',1,'');
INSERT INTO "django_admin_log" VALUES(198,'2014-02-17 09:15:46.559387',1,9,'37','2013-12-06-2',2,'Changed gamedate.');
INSERT INTO "django_admin_log" VALUES(199,'2014-02-17 09:18:51.474957',1,9,'40','2014-01-03-1',1,'');
INSERT INTO "django_admin_log" VALUES(200,'2014-02-17 09:21:18.426656',1,9,'41','2014-01-03-2',1,'');
INSERT INTO "django_admin_log" VALUES(201,'2014-02-17 09:23:58.405658',1,9,'42','2014-01-17-1',1,'');
INSERT INTO "django_admin_log" VALUES(202,'2014-02-17 09:25:31.576592',1,9,'43','2014-01-17-2',1,'');
INSERT INTO "django_admin_log" VALUES(203,'2014-02-17 09:28:17.196591',1,9,'44','2014-01-31-1',1,'');
INSERT INTO "django_admin_log" VALUES(204,'2014-02-17 09:30:26.170320',1,9,'45','2014-01-31-2',1,'');
INSERT INTO "django_admin_log" VALUES(205,'2014-02-17 09:34:01.305192',1,9,'29','2013-10-11-2',2,'Changed placement for play "2013-10-11-2-Joe".');
INSERT INTO "django_admin_log" VALUES(206,'2014-02-17 09:34:45.866113',1,9,'46','2014-02-14-1',1,'');
INSERT INTO "django_admin_log" VALUES(207,'2014-02-17 09:34:59.138126',1,9,'47','2014-02-14-2',1,'');
INSERT INTO "django_admin_log" VALUES(208,'2014-02-24 17:44:07.816756',1,9,'18','2009-12-12-1',2,'Added play "2009-12-12-1-Cam".');
INSERT INTO "django_admin_log" VALUES(209,'2014-02-24 17:44:28.566466',1,9,'19','2010-06-17-1',2,'Added play "2010-06-17-1-Kab".');
INSERT INTO "django_admin_log" VALUES(210,'2014-02-24 17:44:53.873003',1,9,'20','2010-12-12-1',2,'Added play "2010-12-12-1-Walt".');
INSERT INTO "django_admin_log" VALUES(211,'2014-02-24 17:45:15.731716',1,9,'21','2011-06-17-1',2,'Added play "2011-06-17-1-Arlindo".');
INSERT INTO "django_admin_log" VALUES(212,'2014-02-24 17:45:40.042989',1,9,'22','2011-12-12-1',2,'Added play "2011-12-12-1-Walt".');
INSERT INTO "django_admin_log" VALUES(213,'2014-02-24 17:46:10.194913',1,9,'23','2012-06-17-1',2,'Added play "2012-06-17-1-Cam".');
INSERT INTO "django_admin_log" VALUES(214,'2014-02-24 17:46:25.269382',1,9,'24','2012-12-12-1',2,'Added play "2012-12-12-1-Cam".');
INSERT INTO "django_admin_log" VALUES(215,'2014-02-24 17:46:43.921415',1,9,'25','2013-06-17-1',2,'Added play "2013-06-17-1-Shivak".');
INSERT INTO "django_admin_log" VALUES(216,'2014-02-25 02:04:41.343595',1,7,'17','17-2014',1,'');
INSERT INTO "django_admin_log" VALUES(217,'2014-02-25 02:04:57.505713',1,7,'17','17-2014',3,'');
INSERT INTO "django_admin_log" VALUES(218,'2014-02-25 05:01:36.122906',1,9,'48','2014-02-25-1',1,'');
INSERT INTO "django_admin_log" VALUES(219,'2014-02-25 05:02:19.232192',1,9,'48','2014-02-25-1',3,'');
INSERT INTO "django_admin_log" VALUES(220,'2014-02-25 05:05:25.426842',1,9,'48','2014-02-25-1',1,'');
INSERT INTO "django_admin_log" VALUES(221,'2014-02-25 05:05:46.220956',1,9,'48','2014-02-25-1',3,'');
INSERT INTO "django_admin_log" VALUES(222,'2014-02-25 09:01:30.964638',1,9,'48','2014-02-25-1',1,'');
INSERT INTO "django_admin_log" VALUES(223,'2014-02-25 09:02:02.145686',1,9,'48','2014-02-25-1',3,'');
INSERT INTO "django_admin_log" VALUES(224,'2014-02-25 09:28:30.648657',1,9,'48','2014-02-25-1',1,'');
INSERT INTO "django_admin_log" VALUES(225,'2014-02-25 09:28:56.771334',1,9,'48','2014-02-25-1',2,'Added play "2014-02-25-1-Arlindo".');
INSERT INTO "django_admin_log" VALUES(226,'2014-02-25 09:29:28.567291',1,9,'48','2014-02-25-1',3,'');
INSERT INTO "django_admin_log" VALUES(227,'2014-03-01 00:14:56.711240',1,4,'3','cam',1,'');
INSERT INTO "django_admin_log" VALUES(228,'2014-03-01 00:15:16.313401',1,4,'3','cam',2,'Changed groups.');
INSERT INTO "django_admin_log" VALUES(229,'2014-03-01 00:15:54.093304',1,4,'3','cam',2,'Changed is_staff.');
INSERT INTO "django_admin_log" VALUES(230,'2014-03-01 01:58:22.795453',1,4,'4','dave',1,'');
INSERT INTO "django_admin_log" VALUES(231,'2014-03-01 01:58:58.884897',1,4,'4','dave',2,'Changed is_staff and groups.');
INSERT INTO "django_admin_log" VALUES(232,'2014-03-01 02:13:17.410346',1,9,'48','2014-02-28-1',1,'');
INSERT INTO "django_admin_log" VALUES(233,'2014-03-01 02:15:03.754883',1,9,'48','2014-02-28-1',2,'Deleted play "2014-02-28-1-Bursic".');
INSERT INTO "django_admin_log" VALUES(234,'2014-03-01 03:36:46.493400',1,9,'48','2014-02-28-1',2,'Changed placement for play "2014-02-28-1-Arlindo". Changed placement for play "2014-02-28-1-Brint". Changed placement for play "2014-02-28-1-Cam". Changed placement for play "2014-02-28-1-Dom". Changed placement for play "2014-02-28-1-Jesse".');
INSERT INTO "django_admin_log" VALUES(235,'2014-03-01 03:46:07.712496',1,9,'48','2014-02-28-1',2,'Changed placement for play "2014-02-28-1-Cam". Changed placement for play "2014-02-28-1-Dom".');
INSERT INTO "django_admin_log" VALUES(236,'2014-03-01 03:56:08.988359',1,9,'48','2014-02-28-1',2,'Changed placement for play "2014-02-28-1-Cam". Changed placement for play "2014-02-28-1-Jesse".');
INSERT INTO "django_admin_log" VALUES(237,'2014-03-01 04:19:37.610920',1,9,'48','2014-02-28-1',2,'Changed payout for play "2014-02-28-1-Cam".');
INSERT INTO "django_admin_log" VALUES(238,'2014-03-01 05:45:03.462151',1,9,'49','2014-02-28-2',1,'');
INSERT INTO "django_admin_log" VALUES(239,'2014-03-01 06:49:33.893419',1,9,'49','2014-02-28-2',2,'Changed placement for play "2014-02-28-2-Shivak".');
INSERT INTO "django_admin_log" VALUES(240,'2014-03-01 06:50:34.464201',1,9,'49','2014-02-28-2',2,'Changed placement for play "2014-02-28-2-Jesse".');
INSERT INTO "django_admin_log" VALUES(241,'2014-03-01 07:00:40.633643',1,9,'49','2014-02-28-2',2,'Changed placement and payout for play "2014-02-28-2-Cam".');
INSERT INTO "django_admin_log" VALUES(242,'2014-03-01 07:01:07.362507',1,9,'49','2014-02-28-2',2,'Changed placement for play "2014-02-28-2-Rob".');
INSERT INTO "django_admin_log" VALUES(243,'2014-03-01 07:03:08.761771',1,9,'49','2014-02-28-2',2,'Changed payout for play "2014-02-28-2-Rob".');
INSERT INTO "django_admin_log" VALUES(244,'2014-03-01 15:30:48.959179',1,11,'2','2014-03-01 15:30:48.956878+00:00',1,'');
INSERT INTO "django_admin_log" VALUES(245,'2014-03-01 15:35:19.466178',1,11,'2','2014-03-01 15:35:19.463100+00:00',2,'Changed newsflash.');
INSERT INTO "django_admin_log" VALUES(246,'2014-03-01 19:09:03.119555',1,9,'48','2014-02-28-1',2,'Added play "2014-02-28-1-JohnT". Added play "2014-02-28-1-Bursic". Added play "2014-02-28-1-Naren".');
INSERT INTO "django_admin_log" VALUES(247,'2014-03-01 19:11:53.251708',1,8,'Claudio','Claudio',1,'');
INSERT INTO "django_admin_log" VALUES(248,'2014-03-01 19:12:10.325318',1,9,'49','2014-02-28-2',2,'Added play "2014-02-28-2-JohnT". Added play "2014-02-28-2-Claudio".');
INSERT INTO "django_admin_log" VALUES(249,'2014-03-28 03:12:12.461050',1,7,'17','17-2014',1,'');
INSERT INTO "django_admin_log" VALUES(250,'2014-03-28 03:14:44.105867',1,9,'50','2014-03-14-1',1,'');
INSERT INTO "django_admin_log" VALUES(251,'2014-03-28 03:16:05.211220',1,9,'51','2014-03-14-2',1,'');
INSERT INTO "django_admin_log" VALUES(252,'2014-03-29 00:40:26.342658',1,9,'52','2014-03-28-1',1,'');
INSERT INTO "django_admin_log" VALUES(253,'2014-03-29 01:08:46.933574',1,9,'53','2014-03-28-2',1,'');
INSERT INTO "django_admin_log" VALUES(254,'2014-03-29 02:36:27.545838',1,9,'53','2014-03-28-2',2,'Changed payout for play "2014-03-28-2-Shivak".');
INSERT INTO "django_admin_log" VALUES(255,'2014-03-29 02:41:49.705543',1,11,'3','2014-03-29 02:41:49.704256+00:00',1,'');
INSERT INTO "django_admin_log" VALUES(256,'2014-04-12 03:44:10.923110',1,9,'54','2014-04-11-1',1,'');
INSERT INTO "django_admin_log" VALUES(257,'2014-04-12 05:38:55.680102',1,9,'55','2014-04-11-2',1,'');
INSERT INTO "django_admin_log" VALUES(258,'2014-04-12 05:45:37.447520',1,9,'55','2014-04-11-2',2,'Changed payout for play "2014-04-11-2-Cam". Changed payout for play "2014-04-11-2-Dom". Changed payout for play "2014-04-11-2-JohnT".');
INSERT INTO "django_admin_log" VALUES(259,'2014-04-12 05:47:07.687806',1,9,'55','2014-04-11-2',2,'Changed payout for play "2014-04-11-2-Cam".');
INSERT INTO "django_admin_log" VALUES(260,'2014-04-17 21:51:50.665850',1,9,'56','2014-04-18-1',1,'');
INSERT INTO "django_admin_log" VALUES(261,'2014-04-26 03:32:27.465872',1,9,'57','2014-04-25-1',1,'');
INSERT INTO "django_admin_log" VALUES(262,'2014-04-26 05:06:03.555619',1,9,'58','2014-04-25-2',1,'');
INSERT INTO "django_admin_log" VALUES(263,'2014-08-12 03:58:59.914803',1,9,'59','2014-08-08-1',1,'');
INSERT INTO "django_admin_log" VALUES(264,'2014-08-12 04:00:00.106582',1,9,'59','2014-08-08-1',3,'');
INSERT INTO "django_admin_log" VALUES(265,'2014-08-12 04:01:21.980993',1,9,'59','2014-08-08-1',1,'');
INSERT INTO "django_admin_log" VALUES(266,'2014-08-12 04:02:18.337723',1,9,'59','2014-08-08-1',3,'');
INSERT INTO "django_admin_log" VALUES(267,'2014-08-12 04:02:54.459121',1,9,'59','2014-08-08-1',1,'');
INSERT INTO "django_admin_log" VALUES(268,'2014-08-12 04:03:10.758465',1,9,'60','2014-08-08-2',1,'');
INSERT INTO "django_admin_log" VALUES(269,'2014-08-12 04:04:18.180090',1,9,'59','2014-08-08-1',3,'');
INSERT INTO "django_admin_log" VALUES(270,'2014-08-12 04:04:30.182995',1,9,'60','2014-08-08-2',3,'');
INSERT INTO "django_admin_log" VALUES(271,'2014-08-12 04:10:32.126893',1,9,'59','2014-08-08-1',1,'');
INSERT INTO "django_admin_log" VALUES(272,'2014-08-12 04:10:42.838147',1,9,'60','2014-08-08-2',1,'');
INSERT INTO "django_admin_log" VALUES(273,'2014-08-12 04:14:27.477300',1,9,'59','2014-08-08-1',2,'Added play "2014-08-08-1-Zubin".');
INSERT INTO "django_admin_log" VALUES(274,'2014-08-12 04:14:38.577127',1,9,'60','2014-08-08-2',2,'Added play "2014-08-08-2-Walt".');
INSERT INTO "django_admin_log" VALUES(275,'2014-08-12 04:15:37.733007',1,9,'59','2014-08-08-1',3,'');
INSERT INTO "django_admin_log" VALUES(276,'2014-08-12 04:15:47.529009',1,9,'60','2014-08-08-2',3,'');
INSERT INTO "django_admin_log" VALUES(277,'2014-08-12 04:31:53.790037',1,9,'59','2014-08-08-1',1,'');
INSERT INTO "django_admin_log" VALUES(278,'2014-08-12 04:32:02.045489',1,9,'60','2014-08-08-2',1,'');
INSERT INTO "django_admin_log" VALUES(279,'2014-08-12 04:46:34.634598',1,8,'dummy','dummy',1,'');
INSERT INTO "django_admin_log" VALUES(280,'2014-08-12 04:48:24.924746',1,9,'59','2014-08-08-1',2,'No fields changed.');
INSERT INTO "django_admin_log" VALUES(281,'2014-08-12 04:48:33.761021',1,9,'60','2014-08-08-2',2,'No fields changed.');
INSERT INTO "django_admin_log" VALUES(282,'2014-08-12 04:48:47.957302',1,9,'59','2014-08-08-1',2,'No fields changed.');
INSERT INTO "django_admin_log" VALUES(283,'2014-08-12 04:50:17.141839',1,9,'59','2014-08-08-1',2,'No fields changed.');
INSERT INTO "django_admin_log" VALUES(284,'2014-08-12 04:51:29.213794',1,9,'59','2014-08-08-1',2,'Added play "2014-08-08-1-dummy".');
INSERT INTO "django_admin_log" VALUES(285,'2014-08-12 04:51:42.901415',1,9,'60','2014-08-08-2',2,'Added play "2014-08-08-2-dummy".');
INSERT INTO "django_admin_log" VALUES(286,'2014-08-12 04:52:48.826936',1,9,'59','2014-08-08-1',3,'');
INSERT INTO "django_admin_log" VALUES(287,'2014-08-12 04:52:48.904510',1,9,'60','2014-08-08-2',3,'');
INSERT INTO "django_admin_log" VALUES(288,'2014-08-12 04:53:11.757964',1,9,'59','2014-08-08-1',1,'');
INSERT INTO "django_admin_log" VALUES(289,'2014-08-12 04:53:43.330211',1,9,'59','2014-08-08-1',3,'');
INSERT INTO "django_admin_log" VALUES(290,'2014-08-12 05:06:55.628031',1,9,'59','2014-08-08-1',1,'');
INSERT INTO "django_admin_log" VALUES(291,'2014-08-12 05:09:13.267870',1,9,'59','2014-08-08-1',2,'No fields changed.');
INSERT INTO "django_admin_log" VALUES(292,'2014-08-12 05:09:36.343475',1,9,'60','2014-08-08-2',1,'');
INSERT INTO "django_admin_log" VALUES(293,'2014-08-12 05:09:59.910885',1,9,'60','2014-08-08-2',2,'Changed cancelledgame. Added play "2014-08-08-2-dummy".');
INSERT INTO "django_admin_log" VALUES(294,'2014-08-12 05:12:54.134552',1,9,'60','2014-08-08-2',3,'');
INSERT INTO "django_admin_log" VALUES(295,'2014-08-12 05:14:19.158192',1,9,'60','2014-08-08-2',1,'');
INSERT INTO "django_admin_log" VALUES(296,'2014-08-12 05:27:26.035578',1,9,'60','2014-08-08-2',2,'No fields changed.');
INSERT INTO "django_admin_log" VALUES(297,'2014-08-12 05:29:55.662519',1,9,'60','2014-08-08-2',2,'No fields changed.');
INSERT INTO "django_admin_log" VALUES(298,'2014-08-12 05:35:27.273658',1,9,'59','2014-08-08-1',2,'No fields changed.');
INSERT INTO "django_admin_log" VALUES(299,'2014-08-12 05:36:29.810897',1,9,'60','2014-08-08-2',2,'No fields changed.');
INSERT INTO "django_admin_log" VALUES(300,'2014-08-12 05:40:15.935854',1,9,'59','2014-08-08-1',2,'No fields changed.');
CREATE TABLE "auth_permission" (
    "id" integer NOT NULL PRIMARY KEY,
    "name" varchar(50) NOT NULL,
    "content_type_id" integer NOT NULL,
    "codename" varchar(100) NOT NULL,
    UNIQUE ("content_type_id", "codename")
);
INSERT INTO "auth_permission" VALUES(1,'Can add log entry',1,'add_logentry');
INSERT INTO "auth_permission" VALUES(2,'Can change log entry',1,'change_logentry');
INSERT INTO "auth_permission" VALUES(3,'Can delete log entry',1,'delete_logentry');
INSERT INTO "auth_permission" VALUES(4,'Can add permission',2,'add_permission');
INSERT INTO "auth_permission" VALUES(5,'Can change permission',2,'change_permission');
INSERT INTO "auth_permission" VALUES(6,'Can delete permission',2,'delete_permission');
INSERT INTO "auth_permission" VALUES(7,'Can add group',3,'add_group');
INSERT INTO "auth_permission" VALUES(8,'Can change group',3,'change_group');
INSERT INTO "auth_permission" VALUES(9,'Can delete group',3,'delete_group');
INSERT INTO "auth_permission" VALUES(10,'Can add user',4,'add_user');
INSERT INTO "auth_permission" VALUES(11,'Can change user',4,'change_user');
INSERT INTO "auth_permission" VALUES(12,'Can delete user',4,'delete_user');
INSERT INTO "auth_permission" VALUES(13,'Can add content type',5,'add_contenttype');
INSERT INTO "auth_permission" VALUES(14,'Can change content type',5,'change_contenttype');
INSERT INTO "auth_permission" VALUES(15,'Can delete content type',5,'delete_contenttype');
INSERT INTO "auth_permission" VALUES(16,'Can add session',6,'add_session');
INSERT INTO "auth_permission" VALUES(17,'Can change session',6,'change_session');
INSERT INTO "auth_permission" VALUES(18,'Can delete session',6,'delete_session');
INSERT INTO "auth_permission" VALUES(19,'Can add season',7,'add_season');
INSERT INTO "auth_permission" VALUES(20,'Can change season',7,'change_season');
INSERT INTO "auth_permission" VALUES(21,'Can delete season',7,'delete_season');
INSERT INTO "auth_permission" VALUES(22,'Can add player',8,'add_player');
INSERT INTO "auth_permission" VALUES(23,'Can change player',8,'change_player');
INSERT INTO "auth_permission" VALUES(24,'Can delete player',8,'delete_player');
INSERT INTO "auth_permission" VALUES(25,'Can add game',9,'add_game');
INSERT INTO "auth_permission" VALUES(26,'Can change game',9,'change_game');
INSERT INTO "auth_permission" VALUES(27,'Can delete game',9,'delete_game');
INSERT INTO "auth_permission" VALUES(28,'Can add play',10,'add_play');
INSERT INTO "auth_permission" VALUES(29,'Can change play',10,'change_play');
INSERT INTO "auth_permission" VALUES(30,'Can delete play',10,'delete_play');
INSERT INTO "auth_permission" VALUES(31,'Can add news flash',11,'add_newsflash');
INSERT INTO "auth_permission" VALUES(32,'Can change news flash',11,'change_newsflash');
INSERT INTO "auth_permission" VALUES(33,'Can delete news flash',11,'delete_newsflash');
CREATE TABLE "auth_group_permissions" (
    "id" integer NOT NULL PRIMARY KEY,
    "group_id" integer NOT NULL,
    "permission_id" integer NOT NULL REFERENCES "auth_permission" ("id"),
    UNIQUE ("group_id", "permission_id")
);
INSERT INTO "auth_group_permissions" VALUES(1,1,32);
INSERT INTO "auth_group_permissions" VALUES(2,1,19);
INSERT INTO "auth_group_permissions" VALUES(3,1,20);
INSERT INTO "auth_group_permissions" VALUES(4,1,22);
INSERT INTO "auth_group_permissions" VALUES(5,1,23);
INSERT INTO "auth_group_permissions" VALUES(6,1,25);
INSERT INTO "auth_group_permissions" VALUES(7,1,26);
INSERT INTO "auth_group_permissions" VALUES(8,1,28);
INSERT INTO "auth_group_permissions" VALUES(9,1,29);
INSERT INTO "auth_group_permissions" VALUES(10,1,31);
CREATE TABLE "auth_group" (
    "id" integer NOT NULL PRIMARY KEY,
    "name" varchar(80) NOT NULL UNIQUE
);
INSERT INTO "auth_group" VALUES(1,'sptadmin');
CREATE TABLE "auth_user_groups" (
    "id" integer NOT NULL PRIMARY KEY,
    "user_id" integer NOT NULL,
    "group_id" integer NOT NULL REFERENCES "auth_group" ("id"),
    UNIQUE ("user_id", "group_id")
);
INSERT INTO "auth_user_groups" VALUES(1,2,1);
INSERT INTO "auth_user_groups" VALUES(2,3,1);
INSERT INTO "auth_user_groups" VALUES(3,4,1);
CREATE TABLE "auth_user_user_permissions" (
    "id" integer NOT NULL PRIMARY KEY,
    "user_id" integer NOT NULL,
    "permission_id" integer NOT NULL REFERENCES "auth_permission" ("id"),
    UNIQUE ("user_id", "permission_id")
);
CREATE TABLE "auth_user" (
    "id" integer NOT NULL PRIMARY KEY,
    "password" varchar(128) NOT NULL,
    "last_login" datetime NOT NULL,
    "is_superuser" bool NOT NULL,
    "username" varchar(30) NOT NULL UNIQUE,
    "first_name" varchar(30) NOT NULL,
    "last_name" varchar(30) NOT NULL,
    "email" varchar(75) NOT NULL,
    "is_staff" bool NOT NULL,
    "is_active" bool NOT NULL,
    "date_joined" datetime NOT NULL
);
INSERT INTO "auth_user" VALUES(1,'pbkdf2_sha256$12000$yVRl5WGd8bGm$FJYX5bHjg08Rg+3/ww6yx7tWh6JOjmKi6/CkP02DAF0=','2014-08-12 03:31:57.908282',1,'root','','','sarlindo@hotmail.com',1,1,'2014-02-12 18:46:43.416487');
INSERT INTO "auth_user" VALUES(2,'pbkdf2_sha256$12000$X9U4xJeERBpM$ZGu4au53K0iyhY9dGqprNlcbGLpTn5Xfev+HK/HJvXI=','2014-02-17 04:47:33.595945',0,'sarlindo','','','',1,1,'2014-02-17 04:43:53');
INSERT INTO "auth_user" VALUES(3,'pbkdf2_sha256$12000$sQ3vp9hmDg6V$iFM+ypihqPdVIeXE3jdKH8o5Up4mQ0VwRmRo8BF47MY=','2014-03-01 00:16:50.183258',0,'cam','','','',1,1,'2014-03-01 00:14:56');
INSERT INTO "auth_user" VALUES(4,'pbkdf2_sha256$12000$sh1nL9pcWGFJ$9lpE4IGDLBhkfYM6A0wokdLHxy8/e1Kcg+f2i2EK9vE=','2014-03-01 01:58:22',0,'dave','','','',1,1,'2014-03-01 01:58:22');
CREATE TABLE "django_content_type" (
    "id" integer NOT NULL PRIMARY KEY,
    "name" varchar(100) NOT NULL,
    "app_label" varchar(100) NOT NULL,
    "model" varchar(100) NOT NULL,
    UNIQUE ("app_label", "model")
);
INSERT INTO "django_content_type" VALUES(1,'log entry','admin','logentry');
INSERT INTO "django_content_type" VALUES(2,'permission','auth','permission');
INSERT INTO "django_content_type" VALUES(3,'group','auth','group');
INSERT INTO "django_content_type" VALUES(4,'user','auth','user');
INSERT INTO "django_content_type" VALUES(5,'content type','contenttypes','contenttype');
INSERT INTO "django_content_type" VALUES(6,'session','sessions','session');
INSERT INTO "django_content_type" VALUES(7,'season','spt','season');
INSERT INTO "django_content_type" VALUES(8,'player','spt','player');
INSERT INTO "django_content_type" VALUES(9,'game','spt','game');
INSERT INTO "django_content_type" VALUES(10,'play','spt','play');
INSERT INTO "django_content_type" VALUES(11,'news flash','spt','newsflash');
CREATE TABLE "django_session" (
    "session_key" varchar(40) NOT NULL PRIMARY KEY,
    "session_data" text NOT NULL,
    "expire_date" datetime NOT NULL
);
INSERT INTO "django_session" VALUES('btvq166zzqlsmg2x4203899o8nvfjcsb','MjliZmM2NmYzNDQ1NmU2YmQxNTEyMWQwNTU3OTI5MTg3NjQzYTVkMjp7Il9hdXRoX3VzZXJfYmFja2VuZCI6ImRqYW5nby5jb250cmliLmF1dGguYmFja2VuZHMuTW9kZWxCYWNrZW5kIiwiX2F1dGhfdXNlcl9pZCI6MX0=','2014-02-26 20:00:15.992908');
INSERT INTO "django_session" VALUES('hyqf3o4anutsfnp3ne50k1sfniulokbv','MjliZmM2NmYzNDQ1NmU2YmQxNTEyMWQwNTU3OTI5MTg3NjQzYTVkMjp7Il9hdXRoX3VzZXJfYmFja2VuZCI6ImRqYW5nby5jb250cmliLmF1dGguYmFja2VuZHMuTW9kZWxCYWNrZW5kIiwiX2F1dGhfdXNlcl9pZCI6MX0=','2014-03-01 09:02:47.679959');
INSERT INTO "django_session" VALUES('5qokph2gpja5qs6wjwrul0wizpvroagt','MjliZmM2NmYzNDQ1NmU2YmQxNTEyMWQwNTU3OTI5MTg3NjQzYTVkMjp7Il9hdXRoX3VzZXJfYmFja2VuZCI6ImRqYW5nby5jb250cmliLmF1dGguYmFja2VuZHMuTW9kZWxCYWNrZW5kIiwiX2F1dGhfdXNlcl9pZCI6MX0=','2014-03-01 09:04:32.472334');
INSERT INTO "django_session" VALUES('n5eyqlh5lzuipgrp4wita72ddxo87t09','NDU1NDBkZGJhYzg4YTAyMWQxOThiZmVmMTgzN2NlYWExM2VlN2E1Mjp7Imxhc3Rfc2l0ZV91cmwiOiJodHRwOi8vMTkyLjE2OC4wLjE5NTo4MDAwL3NwdC8iLCJfYXV0aF91c2VyX2JhY2tlbmQiOiJkamFuZ28uY29udHJpYi5hdXRoLmJhY2tlbmRzLk1vZGVsQmFja2VuZCIsIl9hdXRoX3VzZXJfaWQiOjF9','2014-03-03 10:17:47.699781');
INSERT INTO "django_session" VALUES('w4uf67o8n96jprr573fn11p1nyr6v00o','NTUxYzk0MzI0ZjRmNGY0NDgwMjVhOGY4OThkM2MwY2NlNzY5YjI0MTp7Imxhc3Rfc2l0ZV91cmwiOiJodHRwOi8vbG9jYWxob3N0OjgwMDAvc3B0L2dhbWVkZXRhaWxzIiwiX2F1dGhfdXNlcl9pZCI6MSwiX2F1dGhfdXNlcl9iYWNrZW5kIjoiZGphbmdvLmNvbnRyaWIuYXV0aC5iYWNrZW5kcy5Nb2RlbEJhY2tlbmQifQ==','2014-03-03 10:02:00.302072');
INSERT INTO "django_session" VALUES('y41wrinjbvcy6awlhqlk6dt4s2aige59','MmI2YzRkZmNhN2U1NTRhOWIyNzgxODQwNWNkZGM0Y2I2ZWNmNmMxZjp7Imxhc3Rfc2l0ZV91cmwiOiJodHRwOi8vbG9jYWxob3N0OjgwMDAvc3B0L3Byb2ZpdGxvc3MiLCJfYXV0aF91c2VyX2JhY2tlbmQiOiJkamFuZ28uY29udHJpYi5hdXRoLmJhY2tlbmRzLk1vZGVsQmFja2VuZCIsIl9hdXRoX3VzZXJfaWQiOjJ9','2014-03-03 04:47:33.619786');
INSERT INTO "django_session" VALUES('ayw9y7njvrn71qmjz166f3eplp4gxudj','MjllNzI4NDUwZmYxMzI4MmE1MGY3ODZmNmIxNzQwNzNmNzczZmZmYjp7Imxhc3Rfc2l0ZV91cmwiOiJodHRwOi8vMTkyLjE2OC4wLjE5NS9zcHQvcGFzdHNwdHdpbm5lcnMifQ==','2014-03-10 04:35:08.068513');
INSERT INTO "django_session" VALUES('ch05rl3t1glkyn18dz1v7k7oq80cp9et','MTMwNTk0OGQ2OGMwNGQxYzAzMjI5YzQ5NmE2NjExZjY1ZmE4NzZjYTp7Imxhc3Rfc2l0ZV91cmwiOiJodHRwOi8vc3B0cG9rZXIuZHluZG5zLWhvbWUuY29tL3NwdC8iLCJfYXV0aF91c2VyX2JhY2tlbmQiOiJkamFuZ28uY29udHJpYi5hdXRoLmJhY2tlbmRzLk1vZGVsQmFja2VuZCIsIl9hdXRoX3VzZXJfaWQiOjF9','2014-03-15 06:48:57.775098');
INSERT INTO "django_session" VALUES('wvlhy72yu2kjenzwcrt9bs4x65rroe4f','NzQ4ZjhmMjIxNjNjYjk5Zjk2MjA4NzNiZDE4YzgyNGNiZDhlNWVhYzp7Imxhc3Rfc2l0ZV91cmwiOiJodHRwOi8vbG9jYWxob3N0L3NwdC9wcm9maXRsb3NzIiwiX2F1dGhfdXNlcl9iYWNrZW5kIjoiZGphbmdvLmNvbnRyaWIuYXV0aC5iYWNrZW5kcy5Nb2RlbEJhY2tlbmQiLCJfYXV0aF91c2VyX2lkIjoxfQ==','2014-03-15 19:10:18.144438');
INSERT INTO "django_session" VALUES('ajfn9kuquiwu4je97dcbtri065tb4bg6','ZGMyZjNjY2MyM2NjYzUxNjhlZWNjZWM2ZjViZDdmOTdhMDc1ZTg2Mzp7Imxhc3Rfc2l0ZV91cmwiOiJodHRwOi8vbG9jYWxob3N0L3NwdC8iLCJfYXV0aF91c2VyX2JhY2tlbmQiOiJkamFuZ28uY29udHJpYi5hdXRoLmJhY2tlbmRzLk1vZGVsQmFja2VuZCIsIl9hdXRoX3VzZXJfaWQiOjF9','2014-04-11 02:58:33.023824');
INSERT INTO "django_session" VALUES('n9237yqw8va2dmq3154bq7t8m0po99hr','N2FmMDAxYmZlYjdkY2NjYWE2YTY2Y2Y0NWQyOTAxY2IyYmFhMjgwNzp7Imxhc3Rfc2l0ZV91cmwiOiJodHRwOi8vc3B0cG9rZXIuZHluZG5zLWhvbWUuY29tL3NwdC8iLCJfYXV0aF91c2VyX2lkIjoxLCJfYXV0aF91c2VyX2JhY2tlbmQiOiJkamFuZ28uY29udHJpYi5hdXRoLmJhY2tlbmRzLk1vZGVsQmFja2VuZCJ9','2014-04-12 01:07:07.983520');
INSERT INTO "django_session" VALUES('z6v1s5qj5mloxuoyyrp08wcoihwagvrq','N2FmMDAxYmZlYjdkY2NjYWE2YTY2Y2Y0NWQyOTAxY2IyYmFhMjgwNzp7Imxhc3Rfc2l0ZV91cmwiOiJodHRwOi8vc3B0cG9rZXIuZHluZG5zLWhvbWUuY29tL3NwdC8iLCJfYXV0aF91c2VyX2lkIjoxLCJfYXV0aF91c2VyX2JhY2tlbmQiOiJkamFuZ28uY29udHJpYi5hdXRoLmJhY2tlbmRzLk1vZGVsQmFja2VuZCJ9','2014-04-12 02:39:39.145285');
INSERT INTO "django_session" VALUES('7a990xjlpwnxuwzujxybetw2aect6vep','YTBiMmIzMjNkOWJjYjA3YmExNjNjZDZlMDM2Mzc5MTJiOTdiYjAwOTp7Imxhc3Rfc2l0ZV91cmwiOiJodHRwOi8vc3B0cG9rZXIuZHluZG5zLWhvbWUuY29tL3NwdC9nYW1lZGV0YWlscyIsIl9hdXRoX3VzZXJfYmFja2VuZCI6ImRqYW5nby5jb250cmliLmF1dGguYmFja2VuZHMuTW9kZWxCYWNrZW5kIiwiX2F1dGhfdXNlcl9pZCI6MX0=','2014-04-12 23:16:15.325595');
INSERT INTO "django_session" VALUES('ywzt69orrvts9fln0t2l27bdoe21eflp','NTk4NDU4Y2FlYjk3YTcxNjgzZTVmNTU4NTFiMTljZmM5OTg4NmQwMjp7Imxhc3Rfc2l0ZV91cmwiOiIifQ==','2014-04-14 23:35:33.483397');
INSERT INTO "django_session" VALUES('bfnjh4oml11ui82pj7leig6hswxnymua','MTMwNTk0OGQ2OGMwNGQxYzAzMjI5YzQ5NmE2NjExZjY1ZmE4NzZjYTp7Imxhc3Rfc2l0ZV91cmwiOiJodHRwOi8vc3B0cG9rZXIuZHluZG5zLWhvbWUuY29tL3NwdC8iLCJfYXV0aF91c2VyX2JhY2tlbmQiOiJkamFuZ28uY29udHJpYi5hdXRoLmJhY2tlbmRzLk1vZGVsQmFja2VuZCIsIl9hdXRoX3VzZXJfaWQiOjF9','2014-05-10 05:04:19.818236');
INSERT INTO "django_session" VALUES('hkrw2e7rpshvtcttd3u8gr833v6649sa','N2E2Nzg3NWNjY2QwOGJkMGNjOTEwNzAwZTE5NDAxMmQxY2I5YzIzZTp7Imxhc3Rfc2l0ZV91cmwiOiJodHRwOi8vbG9jYWxob3N0L2dhbWVkZXRhaWxzIiwiX2F1dGhfdXNlcl9iYWNrZW5kIjoiZGphbmdvLmNvbnRyaWIuYXV0aC5iYWNrZW5kcy5Nb2RlbEJhY2tlbmQiLCJfYXV0aF91c2VyX2lkIjoxfQ==','2014-08-26 04:53:29.045439');
CREATE TABLE "spt_season" (
    "seasonnumber" smallint unsigned NOT NULL PRIMARY KEY,
    "seasonyear" smallint unsigned NOT NULL
);
INSERT INTO "spt_season" VALUES(1,2006);
INSERT INTO "spt_season" VALUES(2,2006);
INSERT INTO "spt_season" VALUES(3,2007);
INSERT INTO "spt_season" VALUES(4,2007);
INSERT INTO "spt_season" VALUES(5,2008);
INSERT INTO "spt_season" VALUES(6,2008);
INSERT INTO "spt_season" VALUES(7,2009);
INSERT INTO "spt_season" VALUES(8,2009);
INSERT INTO "spt_season" VALUES(9,2010);
INSERT INTO "spt_season" VALUES(10,2010);
INSERT INTO "spt_season" VALUES(11,2011);
INSERT INTO "spt_season" VALUES(12,2011);
INSERT INTO "spt_season" VALUES(13,2012);
INSERT INTO "spt_season" VALUES(14,2012);
INSERT INTO "spt_season" VALUES(15,2013);
INSERT INTO "spt_season" VALUES(16,2013);
INSERT INTO "spt_season" VALUES(17,2014);
CREATE TABLE "spt_player" (
    "firstname" varchar(50) NOT NULL PRIMARY KEY,
    "emailaddress" varchar(75) NOT NULL
);
INSERT INTO "spt_player" VALUES('Eddie','Eddie@nadbro.com');
INSERT INTO "spt_player" VALUES('Walt','waltershin@hotmail.com');
INSERT INTO "spt_player" VALUES('Rob','faria18@gmail.com');
INSERT INTO "spt_player" VALUES('Pete','Pete@hotmail.com');
INSERT INTO "spt_player" VALUES('Shivak','dszoolander@gmail.com');
INSERT INTO "spt_player" VALUES('Arlindo','sarlindo@hotmail.com');
INSERT INTO "spt_player" VALUES('Cam','c.gelder@me.com');
INSERT INTO "spt_player" VALUES('Kab','kabbaig@gmail.com');
INSERT INTO "spt_player" VALUES('Brint','bvanryzewyk@barronsfinancialgroup.com');
INSERT INTO "spt_player" VALUES('Anu','Anu.Tuli10@gmail.com');
INSERT INTO "spt_player" VALUES('Dom','domenicdaz@yahoo.ca');
INSERT INTO "spt_player" VALUES('Joe','joe123@primus.ca');
INSERT INTO "spt_player" VALUES('Zubin','zzarolia@zarolialaw.com');
INSERT INTO "spt_player" VALUES('Naren','naren@ekwa.com');
INSERT INTO "spt_player" VALUES('Rish','rishi_bageshwar@hotmail.com');
INSERT INTO "spt_player" VALUES('Jesse','jmigliaro@gmail.com');
INSERT INTO "spt_player" VALUES('JohnT','johnnyt112000@yahoo.com');
INSERT INTO "spt_player" VALUES('Bursic','j_bursic@hotmail.com');
INSERT INTO "spt_player" VALUES('Claudio','claudio@hotmail.com');
INSERT INTO "spt_player" VALUES('dummy','cancelled@spt.com');
CREATE TABLE "spt_game" (
    "id" integer NOT NULL PRIMARY KEY,
    "seasons_id" integer NOT NULL REFERENCES "spt_season" ("seasonnumber"),
    "gamenumber" varchar(1) NOT NULL,
    "gamedate" date NOT NULL,
    "finalseasongame" bool NOT NULL, cancelledgame bool,
    UNIQUE ("gamenumber", "gamedate")
);
INSERT INTO "spt_game" VALUES(3,1,'1','2006-06-17',1,0);
INSERT INTO "spt_game" VALUES(8,2,'1','2006-12-12',1,0);
INSERT INTO "spt_game" VALUES(9,3,'1','2007-06-17',1,0);
INSERT INTO "spt_game" VALUES(10,4,'1','2007-12-12',1,0);
INSERT INTO "spt_game" VALUES(11,5,'1','2008-06-17',1,0);
INSERT INTO "spt_game" VALUES(12,6,'1','2008-12-12',1,0);
INSERT INTO "spt_game" VALUES(13,7,'1','2009-06-17',1,0);
INSERT INTO "spt_game" VALUES(18,8,'1','2009-12-12',1,0);
INSERT INTO "spt_game" VALUES(19,9,'1','2010-06-17',1,0);
INSERT INTO "spt_game" VALUES(20,10,'1','2010-12-12',1,0);
INSERT INTO "spt_game" VALUES(21,11,'1','2011-06-17',1,0);
INSERT INTO "spt_game" VALUES(22,12,'1','2011-12-12',1,0);
INSERT INTO "spt_game" VALUES(23,13,'1','2012-06-17',1,0);
INSERT INTO "spt_game" VALUES(24,14,'1','2012-12-12',1,0);
INSERT INTO "spt_game" VALUES(25,15,'1','2013-06-17',1,0);
INSERT INTO "spt_game" VALUES(26,16,'1','2013-09-27',0,0);
INSERT INTO "spt_game" VALUES(27,16,'2','2013-09-27',0,0);
INSERT INTO "spt_game" VALUES(28,16,'1','2013-10-11',0,0);
INSERT INTO "spt_game" VALUES(29,16,'2','2013-10-11',0,0);
INSERT INTO "spt_game" VALUES(30,16,'1','2013-10-25',0,0);
INSERT INTO "spt_game" VALUES(31,16,'2','2013-10-25',0,0);
INSERT INTO "spt_game" VALUES(32,16,'1','2013-11-08',0,0);
INSERT INTO "spt_game" VALUES(33,16,'2','2013-11-08',0,0);
INSERT INTO "spt_game" VALUES(34,16,'1','2013-11-22',0,0);
INSERT INTO "spt_game" VALUES(35,16,'2','2013-11-22',0,0);
INSERT INTO "spt_game" VALUES(36,16,'1','2013-12-06',0,0);
INSERT INTO "spt_game" VALUES(37,16,'2','2013-12-06',0,0);
INSERT INTO "spt_game" VALUES(38,16,'1','2013-12-20',0,0);
INSERT INTO "spt_game" VALUES(39,16,'2','2013-12-20',0,0);
INSERT INTO "spt_game" VALUES(40,16,'1','2014-01-03',0,0);
INSERT INTO "spt_game" VALUES(41,16,'2','2014-01-03',0,0);
INSERT INTO "spt_game" VALUES(42,16,'1','2014-01-17',0,0);
INSERT INTO "spt_game" VALUES(43,16,'2','2014-01-17',0,0);
INSERT INTO "spt_game" VALUES(44,16,'1','2014-01-31',0,0);
INSERT INTO "spt_game" VALUES(45,16,'2','2014-01-31',0,0);
INSERT INTO "spt_game" VALUES(46,16,'1','2014-02-14',0,0);
INSERT INTO "spt_game" VALUES(47,16,'2','2014-02-14',0,0);
INSERT INTO "spt_game" VALUES(48,16,'1','2014-02-28',0,0);
INSERT INTO "spt_game" VALUES(49,16,'2','2014-02-28',0,0);
INSERT INTO "spt_game" VALUES(50,17,'1','2014-03-14',0,0);
INSERT INTO "spt_game" VALUES(51,17,'2','2014-03-14',0,0);
INSERT INTO "spt_game" VALUES(52,17,'1','2014-03-28',0,0);
INSERT INTO "spt_game" VALUES(53,17,'2','2014-03-28',0,0);
INSERT INTO "spt_game" VALUES(54,17,'1','2014-04-11',0,0);
INSERT INTO "spt_game" VALUES(55,17,'2','2014-04-11',0,0);
INSERT INTO "spt_game" VALUES(56,16,'1','2014-04-18',1,0);
INSERT INTO "spt_game" VALUES(57,17,'1','2014-04-25',0,0);
INSERT INTO "spt_game" VALUES(58,17,'2','2014-04-25',0,0);
INSERT INTO "spt_game" VALUES(59,17,'1','2014-08-08',0,1);
INSERT INTO "spt_game" VALUES(60,17,'2','2014-08-08',0,1);
CREATE TABLE "spt_play" (
    "id" integer NOT NULL PRIMARY KEY,
    "players_id" varchar(50) NOT NULL REFERENCES "spt_player" ("firstname"),
    "games_id" integer NOT NULL REFERENCES "spt_game" ("id"),
    "buyinamount" smallint unsigned NOT NULL,
    "placement" varchar(1) NOT NULL,
    "point" smallint unsigned NOT NULL,
    "payout" smallint unsigned NOT NULL,
    "sptmember" bool NOT NULL
);
INSERT INTO "spt_play" VALUES(23,'Eddie',8,0,'1',0,0,1);
INSERT INTO "spt_play" VALUES(24,'Arlindo',11,0,'1',0,0,1);
INSERT INTO "spt_play" VALUES(25,'Arlindo',12,0,'1',0,0,1);
INSERT INTO "spt_play" VALUES(26,'Walt',13,0,'1',0,0,1);
INSERT INTO "spt_play" VALUES(27,'Kab',3,0,'1',0,0,1);
INSERT INTO "spt_play" VALUES(28,'Pete',9,0,'1',0,0,1);
INSERT INTO "spt_play" VALUES(29,'Cam',10,0,'1',0,0,1);
INSERT INTO "spt_play" VALUES(30,'Shivak',26,60,'1',5,220,1);
INSERT INTO "spt_play" VALUES(31,'Cam',26,60,'2',3,120,1);
INSERT INTO "spt_play" VALUES(32,'Brint',26,60,'3',2,60,1);
INSERT INTO "spt_play" VALUES(33,'Anu',26,60,'4',1,0,1);
INSERT INTO "spt_play" VALUES(34,'Zubin',26,60,'0',0,0,1);
INSERT INTO "spt_play" VALUES(36,'Dom',26,60,'0',0,0,1);
INSERT INTO "spt_play" VALUES(37,'Rob',26,60,'0',0,0,1);
INSERT INTO "spt_play" VALUES(38,'Arlindo',27,60,'0',0,0,1);
INSERT INTO "spt_play" VALUES(39,'Cam',27,60,'1',5,220,1);
INSERT INTO "spt_play" VALUES(40,'Anu',27,60,'0',0,0,1);
INSERT INTO "spt_play" VALUES(41,'Dom',27,60,'0',0,0,1);
INSERT INTO "spt_play" VALUES(42,'Brint',27,60,'4',1,0,1);
INSERT INTO "spt_play" VALUES(43,'Shivak',27,60,'3',2,60,1);
INSERT INTO "spt_play" VALUES(44,'Rob',27,60,'2',3,120,1);
INSERT INTO "spt_play" VALUES(45,'Zubin',28,60,'1',5,220,1);
INSERT INTO "spt_play" VALUES(46,'Cam',28,60,'3',2,60,1);
INSERT INTO "spt_play" VALUES(47,'Naren',28,60,'0',0,0,1);
INSERT INTO "spt_play" VALUES(48,'Joe',28,60,'0',0,0,1);
INSERT INTO "spt_play" VALUES(49,'Anu',28,60,'4',1,0,1);
INSERT INTO "spt_play" VALUES(50,'Brint',28,60,'2',3,120,1);
INSERT INTO "spt_play" VALUES(51,'Shivak',28,60,'0',0,0,1);
INSERT INTO "spt_play" VALUES(52,'Zubin',29,60,'0',0,0,1);
INSERT INTO "spt_play" VALUES(53,'Cam',29,60,'1',5,220,1);
INSERT INTO "spt_play" VALUES(54,'Naren',29,60,'0',0,0,1);
INSERT INTO "spt_play" VALUES(55,'Joe',29,60,'3',2,0,1);
INSERT INTO "spt_play" VALUES(56,'Anu',29,60,'4',1,0,1);
INSERT INTO "spt_play" VALUES(57,'Brint',29,60,'0',0,0,1);
INSERT INTO "spt_play" VALUES(58,'Shivak',29,60,'2',3,120,1);
INSERT INTO "spt_play" VALUES(59,'Zubin',30,60,'2',3,160,1);
INSERT INTO "spt_play" VALUES(60,'Arlindo',30,60,'4',1,0,1);
INSERT INTO "spt_play" VALUES(61,'Jesse',30,60,'1',5,270,1);
INSERT INTO "spt_play" VALUES(62,'Joe',30,60,'0',0,0,1);
INSERT INTO "spt_play" VALUES(63,'Naren',30,60,'0',0,0,1);
INSERT INTO "spt_play" VALUES(64,'Dom',30,60,'3',2,70,1);
INSERT INTO "spt_play" VALUES(65,'Brint',30,60,'0',0,0,1);
INSERT INTO "spt_play" VALUES(66,'Shivak',30,60,'0',0,0,1);
INSERT INTO "spt_play" VALUES(67,'Rob',30,60,'0',0,0,1);
INSERT INTO "spt_play" VALUES(68,'Zubin',31,60,'0',0,0,1);
INSERT INTO "spt_play" VALUES(69,'Arlindo',31,60,'2',3,140,1);
INSERT INTO "spt_play" VALUES(70,'Jesse',31,60,'0',0,0,1);
INSERT INTO "spt_play" VALUES(71,'Joe',31,60,'0',0,0,1);
INSERT INTO "spt_play" VALUES(72,'Dom',31,60,'1',5,250,1);
INSERT INTO "spt_play" VALUES(73,'Brint',31,60,'3',2,60,1);
INSERT INTO "spt_play" VALUES(74,'Shivak',31,60,'0',0,0,1);
INSERT INTO "spt_play" VALUES(75,'Rob',31,60,'4',1,0,1);
INSERT INTO "spt_play" VALUES(76,'Zubin',32,60,'0',0,0,1);
INSERT INTO "spt_play" VALUES(77,'Arlindo',32,60,'4',1,0,1);
INSERT INTO "spt_play" VALUES(78,'Joe',32,60,'0',0,0,1);
INSERT INTO "spt_play" VALUES(79,'Anu',32,60,'3',2,0,1);
INSERT INTO "spt_play" VALUES(80,'Dom',32,60,'1',5,220,1);
INSERT INTO "spt_play" VALUES(81,'Shivak',32,60,'0',0,0,1);
INSERT INTO "spt_play" VALUES(82,'Kab',32,60,'2',3,120,1);
INSERT INTO "spt_play" VALUES(83,'Zubin',33,60,'0',0,0,1);
INSERT INTO "spt_play" VALUES(84,'Arlindo',33,60,'2',3,100,1);
INSERT INTO "spt_play" VALUES(85,'Joe',33,60,'0',0,0,1);
INSERT INTO "spt_play" VALUES(86,'Anu',33,60,'1',5,200,1);
INSERT INTO "spt_play" VALUES(87,'Dom',33,60,'3',2,0,1);
INSERT INTO "spt_play" VALUES(88,'Shivak',33,60,'4',1,0,1);
INSERT INTO "spt_play" VALUES(90,'Arlindo',34,60,'0',0,0,1);
INSERT INTO "spt_play" VALUES(91,'Jesse',34,60,'4',1,0,1);
INSERT INTO "spt_play" VALUES(92,'Cam',34,60,'3',2,60,1);
INSERT INTO "spt_play" VALUES(93,'Naren',34,60,'0',0,0,1);
INSERT INTO "spt_play" VALUES(94,'Joe',34,60,'0',0,0,1);
INSERT INTO "spt_play" VALUES(95,'Anu',34,60,'0',0,0,1);
INSERT INTO "spt_play" VALUES(96,'Shivak',34,60,'2',3,120,1);
INSERT INTO "spt_play" VALUES(97,'Brint',34,60,'1',5,220,1);
INSERT INTO "spt_play" VALUES(98,'Arlindo',35,60,'0',0,0,1);
INSERT INTO "spt_play" VALUES(99,'Jesse',35,60,'3',2,60,1);
INSERT INTO "spt_play" VALUES(100,'Cam',35,60,'0',0,0,1);
INSERT INTO "spt_play" VALUES(101,'Naren',35,60,'0',0,0,1);
INSERT INTO "spt_play" VALUES(102,'Joe',35,60,'4',1,0,1);
INSERT INTO "spt_play" VALUES(103,'Anu',35,60,'0',0,0,1);
INSERT INTO "spt_play" VALUES(104,'Brint',35,60,'1',5,220,1);
INSERT INTO "spt_play" VALUES(105,'Shivak',35,60,'2',3,120,1);
INSERT INTO "spt_play" VALUES(106,'Arlindo',36,60,'0',0,0,1);
INSERT INTO "spt_play" VALUES(107,'Joe',36,60,'0',0,0,1);
INSERT INTO "spt_play" VALUES(108,'Anu',36,60,'4',1,0,1);
INSERT INTO "spt_play" VALUES(109,'Dom',36,60,'3',2,50,1);
INSERT INTO "spt_play" VALUES(110,'Brint',36,60,'0',0,0,1);
INSERT INTO "spt_play" VALUES(111,'Shivak',36,60,'1',5,150,1);
INSERT INTO "spt_play" VALUES(112,'Rob',36,60,'2',3,150,1);
INSERT INTO "spt_play" VALUES(113,'Arlindo',37,60,'1',5,200,1);
INSERT INTO "spt_play" VALUES(114,'Joe',37,60,'0',0,0,1);
INSERT INTO "spt_play" VALUES(115,'Anu',37,60,'0',0,0,1);
INSERT INTO "spt_play" VALUES(116,'Dom',37,60,'3',2,50,1);
INSERT INTO "spt_play" VALUES(117,'Brint',37,60,'0',0,0,1);
INSERT INTO "spt_play" VALUES(118,'Shivak',37,60,'2',3,100,1);
INSERT INTO "spt_play" VALUES(119,'Rob',37,60,'4',1,0,1);
INSERT INTO "spt_play" VALUES(120,'Zubin',38,60,'0',0,0,1);
INSERT INTO "spt_play" VALUES(121,'Arlindo',38,60,'0',0,0,1);
INSERT INTO "spt_play" VALUES(122,'Cam',38,60,'2',3,120,1);
INSERT INTO "spt_play" VALUES(123,'Joe',38,60,'0',0,0,1);
INSERT INTO "spt_play" VALUES(124,'Dom',38,60,'4',1,0,1);
INSERT INTO "spt_play" VALUES(125,'Brint',38,60,'3',2,60,1);
INSERT INTO "spt_play" VALUES(126,'Shivak',38,60,'1',5,220,1);
INSERT INTO "spt_play" VALUES(127,'Rob',38,60,'0',0,0,1);
INSERT INTO "spt_play" VALUES(128,'Zubin',39,60,'0',0,0,1);
INSERT INTO "spt_play" VALUES(129,'Arlindo',39,60,'0',0,0,1);
INSERT INTO "spt_play" VALUES(130,'Cam',39,60,'0',0,0,1);
INSERT INTO "spt_play" VALUES(131,'Joe',39,60,'4',1,0,1);
INSERT INTO "spt_play" VALUES(132,'Dom',39,60,'1',5,220,1);
INSERT INTO "spt_play" VALUES(133,'Brint',39,60,'0',0,0,1);
INSERT INTO "spt_play" VALUES(134,'Shivak',39,60,'2',3,120,1);
INSERT INTO "spt_play" VALUES(135,'Rob',39,60,'3',2,60,1);
INSERT INTO "spt_play" VALUES(136,'Zubin',40,60,'2',3,140,1);
INSERT INTO "spt_play" VALUES(137,'Arlindo',40,60,'1',5,250,1);
INSERT INTO "spt_play" VALUES(138,'Cam',40,60,'4',1,0,1);
INSERT INTO "spt_play" VALUES(139,'Joe',40,60,'0',0,0,1);
INSERT INTO "spt_play" VALUES(140,'Dom',40,60,'0',0,0,1);
INSERT INTO "spt_play" VALUES(141,'Brint',40,60,'0',0,0,1);
INSERT INTO "spt_play" VALUES(142,'Shivak',40,60,'0',0,0,1);
INSERT INTO "spt_play" VALUES(143,'Rob',40,60,'3',2,60,1);
INSERT INTO "spt_play" VALUES(144,'Zubin',41,60,'0',0,0,1);
INSERT INTO "spt_play" VALUES(145,'Arlindo',41,60,'4',1,0,1);
INSERT INTO "spt_play" VALUES(146,'Cam',41,60,'0',0,0,1);
INSERT INTO "spt_play" VALUES(147,'Joe',41,60,'0',0,0,1);
INSERT INTO "spt_play" VALUES(148,'Dom',41,60,'0',0,0,1);
INSERT INTO "spt_play" VALUES(149,'Brint',41,60,'3',2,60,1);
INSERT INTO "spt_play" VALUES(150,'Shivak',41,60,'0',0,0,1);
INSERT INTO "spt_play" VALUES(151,'Kab',41,60,'2',3,140,1);
INSERT INTO "spt_play" VALUES(152,'Rob',41,60,'1',5,250,1);
INSERT INTO "spt_play" VALUES(153,'Arlindo',42,60,'4',1,0,1);
INSERT INTO "spt_play" VALUES(154,'Joe',42,60,'3',2,0,1);
INSERT INTO "spt_play" VALUES(155,'Brint',42,60,'2',3,125,1);
INSERT INTO "spt_play" VALUES(156,'Shivak',42,60,'0',0,0,1);
INSERT INTO "spt_play" VALUES(157,'Rob',42,60,'1',5,125,1);
INSERT INTO "spt_play" VALUES(158,'Arlindo',43,60,'1',5,170,1);
INSERT INTO "spt_play" VALUES(159,'Joe',43,60,'4',1,0,1);
INSERT INTO "spt_play" VALUES(160,'Brint',43,60,'2',3,80,1);
INSERT INTO "spt_play" VALUES(161,'Shivak',43,60,'0',0,0,1);
INSERT INTO "spt_play" VALUES(162,'Rob',43,60,'3',2,0,1);
INSERT INTO "spt_play" VALUES(163,'Zubin',44,60,'1',5,250,1);
INSERT INTO "spt_play" VALUES(164,'Arlindo',44,60,'0',0,0,1);
INSERT INTO "spt_play" VALUES(165,'Cam',44,60,'3',2,60,1);
INSERT INTO "spt_play" VALUES(166,'Joe',44,60,'0',0,0,1);
INSERT INTO "spt_play" VALUES(167,'Dom',44,60,'4',1,0,1);
INSERT INTO "spt_play" VALUES(168,'Brint',44,60,'2',3,140,1);
INSERT INTO "spt_play" VALUES(169,'Shivak',44,60,'0',0,0,1);
INSERT INTO "spt_play" VALUES(170,'Kab',44,60,'0',0,0,1);
INSERT INTO "spt_play" VALUES(171,'Arlindo',45,60,'3',2,60,1);
INSERT INTO "spt_play" VALUES(172,'Cam',45,60,'1',5,220,1);
INSERT INTO "spt_play" VALUES(173,'Joe',45,60,'0',0,0,1);
INSERT INTO "spt_play" VALUES(174,'Dom',45,60,'0',0,0,1);
INSERT INTO "spt_play" VALUES(175,'Brint',45,60,'0',0,0,1);
INSERT INTO "spt_play" VALUES(176,'Shivak',45,60,'2',3,120,1);
INSERT INTO "spt_play" VALUES(177,'Kab',45,60,'4',1,0,1);
INSERT INTO "spt_play" VALUES(178,'Cam',18,0,'1',0,0,1);
INSERT INTO "spt_play" VALUES(179,'Kab',19,0,'1',0,0,1);
INSERT INTO "spt_play" VALUES(180,'Walt',20,0,'1',0,0,1);
INSERT INTO "spt_play" VALUES(181,'Arlindo',21,0,'1',0,0,1);
INSERT INTO "spt_play" VALUES(182,'Walt',22,0,'1',0,0,1);
INSERT INTO "spt_play" VALUES(183,'Cam',23,0,'1',0,0,1);
INSERT INTO "spt_play" VALUES(184,'Cam',24,0,'1',0,0,1);
INSERT INTO "spt_play" VALUES(185,'Shivak',25,0,'1',0,0,1);
INSERT INTO "spt_play" VALUES(186,'Arlindo',48,60,'0',0,0,1);
INSERT INTO "spt_play" VALUES(187,'Brint',48,60,'4',1,0,1);
INSERT INTO "spt_play" VALUES(189,'Cam',48,60,'1',5,240,1);
INSERT INTO "spt_play" VALUES(190,'Dom',48,60,'3',2,0,1);
INSERT INTO "spt_play" VALUES(191,'Jesse',48,60,'2',3,0,1);
INSERT INTO "spt_play" VALUES(192,'Zubin',48,60,'0',0,0,1);
INSERT INTO "spt_play" VALUES(193,'Rob',48,60,'0',0,0,1);
INSERT INTO "spt_play" VALUES(194,'Shivak',48,60,'0',0,0,1);
INSERT INTO "spt_play" VALUES(195,'Arlindo',49,60,'0',0,0,1);
INSERT INTO "spt_play" VALUES(196,'Brint',49,60,'0',0,0,1);
INSERT INTO "spt_play" VALUES(197,'Cam',49,60,'2',3,60,1);
INSERT INTO "spt_play" VALUES(198,'Dom',49,60,'0',0,0,1);
INSERT INTO "spt_play" VALUES(199,'Jesse',49,60,'3',2,0,1);
INSERT INTO "spt_play" VALUES(200,'Rob',49,60,'1',5,140,1);
INSERT INTO "spt_play" VALUES(201,'Shivak',49,60,'4',1,0,1);
INSERT INTO "spt_play" VALUES(202,'JohnT',48,50,'0',0,240,0);
INSERT INTO "spt_play" VALUES(203,'Bursic',48,50,'0',0,70,0);
INSERT INTO "spt_play" VALUES(204,'Naren',48,50,'0',0,0,0);
INSERT INTO "spt_play" VALUES(205,'JohnT',49,50,'0',0,250,0);
INSERT INTO "spt_play" VALUES(206,'Claudio',49,50,'0',0,0,0);
INSERT INTO "spt_play" VALUES(207,'Anu',50,60,'1',5,300,1);
INSERT INTO "spt_play" VALUES(208,'Zubin',50,60,'2',3,170,1);
INSERT INTO "spt_play" VALUES(209,'Shivak',50,60,'3',2,70,1);
INSERT INTO "spt_play" VALUES(210,'Jesse',50,60,'4',1,0,1);
INSERT INTO "spt_play" VALUES(211,'Cam',50,60,'0',0,0,1);
INSERT INTO "spt_play" VALUES(212,'Joe',50,60,'0',0,0,1);
INSERT INTO "spt_play" VALUES(213,'Dom',50,60,'0',0,0,1);
INSERT INTO "spt_play" VALUES(214,'Rish',50,50,'0',0,0,0);
INSERT INTO "spt_play" VALUES(215,'Claudio',50,50,'0',0,0,0);
INSERT INTO "spt_play" VALUES(216,'Naren',50,50,'0',0,0,0);
INSERT INTO "spt_play" VALUES(217,'Bursic',50,50,'0',0,0,0);
INSERT INTO "spt_play" VALUES(218,'Dom',51,60,'1',5,200,1);
INSERT INTO "spt_play" VALUES(219,'Anu',51,60,'2',3,190,1);
INSERT INTO "spt_play" VALUES(220,'Cam',51,60,'3',2,60,1);
INSERT INTO "spt_play" VALUES(221,'Shivak',51,60,'4',1,0,1);
INSERT INTO "spt_play" VALUES(222,'Joe',51,60,'0',0,0,1);
INSERT INTO "spt_play" VALUES(223,'Jesse',51,60,'0',0,0,1);
INSERT INTO "spt_play" VALUES(224,'Rish',51,50,'0',0,0,0);
INSERT INTO "spt_play" VALUES(225,'Claudio',51,50,'0',0,0,0);
INSERT INTO "spt_play" VALUES(226,'Kab',51,50,'0',0,0,0);
INSERT INTO "spt_play" VALUES(227,'Arlindo',52,60,'1',5,270,1);
INSERT INTO "spt_play" VALUES(228,'Shivak',52,60,'2',3,160,1);
INSERT INTO "spt_play" VALUES(229,'Brint',52,60,'3',2,70,1);
INSERT INTO "spt_play" VALUES(230,'Rob',52,60,'4',1,0,1);
INSERT INTO "spt_play" VALUES(231,'Dom',52,60,'0',0,0,1);
INSERT INTO "spt_play" VALUES(232,'Bursic',52,50,'0',0,0,0);
INSERT INTO "spt_play" VALUES(233,'Jesse',52,60,'0',0,0,1);
INSERT INTO "spt_play" VALUES(234,'Joe',52,60,'0',0,0,1);
INSERT INTO "spt_play" VALUES(235,'Naren',52,50,'0',0,0,0);
INSERT INTO "spt_play" VALUES(236,'Zubin',52,60,'0',0,0,1);
INSERT INTO "spt_play" VALUES(237,'Shivak',53,60,'1',5,220,1);
INSERT INTO "spt_play" VALUES(238,'Arlindo',53,60,'2',3,120,1);
INSERT INTO "spt_play" VALUES(239,'Rob',53,60,'3',2,60,1);
INSERT INTO "spt_play" VALUES(240,'Brint',53,60,'4',1,0,1);
INSERT INTO "spt_play" VALUES(241,'Dom',53,60,'0',0,0,1);
INSERT INTO "spt_play" VALUES(242,'Jesse',53,60,'0',0,0,1);
INSERT INTO "spt_play" VALUES(243,'Zubin',53,60,'0',0,0,1);
INSERT INTO "spt_play" VALUES(244,'Joe',53,60,'0',0,0,1);
INSERT INTO "spt_play" VALUES(245,'Cam',54,60,'1',5,240,1);
INSERT INTO "spt_play" VALUES(246,'Dom',54,60,'2',3,240,1);
INSERT INTO "spt_play" VALUES(247,'Rob',54,60,'3',2,70,1);
INSERT INTO "spt_play" VALUES(248,'Brint',54,60,'4',1,0,1);
INSERT INTO "spt_play" VALUES(249,'Arlindo',54,60,'0',0,0,1);
INSERT INTO "spt_play" VALUES(250,'Shivak',54,60,'0',0,0,1);
INSERT INTO "spt_play" VALUES(251,'Bursic',54,50,'0',0,0,0);
INSERT INTO "spt_play" VALUES(252,'Joe',54,60,'0',0,0,1);
INSERT INTO "spt_play" VALUES(253,'JohnT',54,50,'0',0,0,0);
INSERT INTO "spt_play" VALUES(254,'Naren',54,50,'0',0,0,0);
INSERT INTO "spt_play" VALUES(255,'Anu',54,60,'0',0,0,1);
INSERT INTO "spt_play" VALUES(256,'Cam',55,60,'1',5,250,1);
INSERT INTO "spt_play" VALUES(257,'Dom',55,60,'2',3,140,1);
INSERT INTO "spt_play" VALUES(258,'Shivak',55,60,'3',2,0,1);
INSERT INTO "spt_play" VALUES(259,'Arlindo',55,60,'4',1,0,1);
INSERT INTO "spt_play" VALUES(260,'Joe',55,60,'0',0,0,1);
INSERT INTO "spt_play" VALUES(261,'Brint',55,60,'0',0,0,1);
INSERT INTO "spt_play" VALUES(262,'JohnT',55,50,'0',0,60,0);
INSERT INTO "spt_play" VALUES(263,'Anu',55,60,'0',0,0,1);
INSERT INTO "spt_play" VALUES(264,'Rob',55,60,'0',0,0,1);
INSERT INTO "spt_play" VALUES(265,'Shivak',56,0,'1',0,560,1);
INSERT INTO "spt_play" VALUES(266,'Brint',56,0,'2',0,560,1);
INSERT INTO "spt_play" VALUES(267,'Cam',56,0,'3',0,270,1);
INSERT INTO "spt_play" VALUES(268,'Arlindo',56,0,'4',0,0,1);
INSERT INTO "spt_play" VALUES(269,'Rob',56,0,'0',0,0,1);
INSERT INTO "spt_play" VALUES(270,'Zubin',56,0,'0',0,0,1);
INSERT INTO "spt_play" VALUES(271,'Jesse',56,0,'0',0,0,1);
INSERT INTO "spt_play" VALUES(272,'Dom',56,0,'0',0,0,1);
INSERT INTO "spt_play" VALUES(273,'Shivak',57,60,'1',5,140,1);
INSERT INTO "spt_play" VALUES(274,'Arlindo',57,60,'2',3,60,1);
INSERT INTO "spt_play" VALUES(275,'Brint',57,60,'3',2,0,1);
INSERT INTO "spt_play" VALUES(276,'Rob',57,60,'4',1,0,1);
INSERT INTO "spt_play" VALUES(277,'Naren',57,50,'0',0,250,0);
INSERT INTO "spt_play" VALUES(278,'Bursic',57,50,'0',0,0,0);
INSERT INTO "spt_play" VALUES(279,'Zubin',57,60,'0',0,0,1);
INSERT INTO "spt_play" VALUES(280,'Joe',57,60,'0',0,0,1);
INSERT INTO "spt_play" VALUES(281,'Cam',57,60,'0',0,0,1);
INSERT INTO "spt_play" VALUES(282,'Joe',58,60,'1',5,200,1);
INSERT INTO "spt_play" VALUES(283,'Arlindo',58,60,'2',3,100,1);
INSERT INTO "spt_play" VALUES(284,'Brint',58,60,'3',2,50,1);
INSERT INTO "spt_play" VALUES(285,'Cam',58,60,'4',1,0,1);
INSERT INTO "spt_play" VALUES(286,'Shivak',58,60,'0',0,0,1);
INSERT INTO "spt_play" VALUES(287,'Naren',58,50,'0',0,0,0);
INSERT INTO "spt_play" VALUES(288,'Rob',58,60,'0',0,0,1);
CREATE TABLE "spt_newsflash" (
    "id" integer NOT NULL PRIMARY KEY,
    "newsflash" text NOT NULL,
    "newsflashdatetime" datetime NOT NULL
);
INSERT INTO "spt_newsflash" VALUES(1,'Dave is gay!','2014-02-13 12:31:27.906415');
INSERT INTO "spt_newsflash" VALUES(2,'Night 12 was a nail-biter, Dave got into Brent''s head and caused him to go out first. Cam almost took first place overall, but fell short.','2014-03-01 15:35:19.463100');
INSERT INTO "spt_newsflash" VALUES(3,'Season 17, Night 2 at Rob''s was a crazy night. Shivak was able to get Brent''s blood pressure up to 250 over 140. ','2014-03-29 02:41:49.704256');
CREATE INDEX "django_admin_log_6340c63c" ON "django_admin_log" ("user_id");
CREATE INDEX "django_admin_log_37ef4eb4" ON "django_admin_log" ("content_type_id");
CREATE INDEX "auth_permission_37ef4eb4" ON "auth_permission" ("content_type_id");
CREATE INDEX "auth_group_permissions_5f412f9a" ON "auth_group_permissions" ("group_id");
CREATE INDEX "auth_group_permissions_83d7f98b" ON "auth_group_permissions" ("permission_id");
CREATE INDEX "auth_user_groups_6340c63c" ON "auth_user_groups" ("user_id");
CREATE INDEX "auth_user_groups_5f412f9a" ON "auth_user_groups" ("group_id");
CREATE INDEX "auth_user_user_permissions_6340c63c" ON "auth_user_user_permissions" ("user_id");
CREATE INDEX "auth_user_user_permissions_83d7f98b" ON "auth_user_user_permissions" ("permission_id");
CREATE INDEX "django_session_b7b81f0c" ON "django_session" ("expire_date");
CREATE INDEX "spt_game_5baf587c" ON "spt_game" ("seasons_id");
CREATE INDEX "spt_play_88d65192" ON "spt_play" ("players_id");
CREATE INDEX "spt_play_e1d4460b" ON "spt_play" ("games_id");
COMMIT;
