INSERT INTO "spt_season" VALUES(1,2006);
INSERT INTO "spt_season" VALUES(2,2006);
INSERT INTO "spt_season" VALUES(3,2007);
INSERT INTO "spt_season" VALUES(4,2007);
INSERT INTO "spt_season" VALUES(5,2008);
INSERT INTO "spt_season" VALUES(6,2008);
INSERT INTO "spt_season" VALUES(7,2009);
INSERT INTO "spt_season" VALUES(8,2009);
INSERT INTO "spt_season" VALUES(9,201'f');
INSERT INTO "spt_season" VALUES(10,201'f');
INSERT INTO "spt_season" VALUES(11,201't');
INSERT INTO "spt_season" VALUES(12,201't');
INSERT INTO "spt_season" VALUES(13,2012);
INSERT INTO "spt_season" VALUES(14,2012);
INSERT INTO "spt_season" VALUES(15,2013);
INSERT INTO "spt_season" VALUES(16,2013);
INSERT INTO "spt_season" VALUES(17,2014);
INSERT INTO "spt_player" VALUES('Eddie','Eddie@nadbro.com');
INSERT INTO "spt_player" VALUES('Walt','waltershin@hotmail.com');
INSERT INTO "spt_player" VALUES('Rob','faria18@gmail.com');
INSERT INTO "spt_player" VALUES('Pete','Pete@hotmail.com');
INSERT INTO "spt_player" VALUES('Shivak','dszoolander@gmail.com');
INSERT INTO "spt_player" VALUES('Arlindo','sarlindo@hotmail.com');
INSERT INTO "spt_player" VALUES('Cam','c.gelder@me.com');
INSERT INTO "spt_player" VALUES('Kab','kabbaig@gmail.com');
INSERT INTO "spt_player" VALUES('Brint','bvanryzewyk@barronsfinancialgroup.com');
INSERT INTO "spt_player" VALUES('Anu','Anu.Tuli10@gmail.com');
INSERT INTO "spt_player" VALUES('Dom','domenicdaz@yahoo.ca');
INSERT INTO "spt_player" VALUES('Joe','joe123@primus.ca');
INSERT INTO "spt_player" VALUES('Zubin','zzarolia@zarolialaw.com');
INSERT INTO "spt_player" VALUES('Naren','naren@ekwa.com');
INSERT INTO "spt_player" VALUES('Rish','rishi_bageshwar@hotmail.com');
INSERT INTO "spt_player" VALUES('Jesse','jmigliaro@gmail.com');
INSERT INTO "spt_player" VALUES('JohnT','johnnyt112000@yahoo.com');
INSERT INTO "spt_player" VALUES('Bursic','j_bursic@hotmail.com');
INSERT INTO "spt_player" VALUES('Claudio','claudio@hotmail.com');
INSERT INTO "spt_game" VALUES(3,1,'1','2006-06-17','t');
INSERT INTO "spt_game" VALUES(8,2,'1','2006-12-12','t');
INSERT INTO "spt_game" VALUES(9,3,'1','2007-06-17','t');
INSERT INTO "spt_game" VALUES(10,4,'1','2007-12-12','t');
INSERT INTO "spt_game" VALUES(11,5,'1','2008-06-17','t');
INSERT INTO "spt_game" VALUES(12,6,'1','2008-12-12','t');
INSERT INTO "spt_game" VALUES(13,7,'1','2009-06-17','t');
INSERT INTO "spt_game" VALUES(18,8,'1','2009-12-12','t');
INSERT INTO "spt_game" VALUES(19,9,'1','2010-06-17','t');
INSERT INTO "spt_game" VALUES(20,10,'1','2010-12-12','t');
INSERT INTO "spt_game" VALUES(21,11,'1','2011-06-17','t');
INSERT INTO "spt_game" VALUES(22,12,'1','2011-12-12','t');
INSERT INTO "spt_game" VALUES(23,13,'1','2012-06-17','t');
INSERT INTO "spt_game" VALUES(24,14,'1','2012-12-12','t');
INSERT INTO "spt_game" VALUES(25,15,'1','2013-06-17','t');
INSERT INTO "spt_game" VALUES(26,16,'1','2013-09-27','f');
INSERT INTO "spt_game" VALUES(27,16,'2','2013-09-27','f');
INSERT INTO "spt_game" VALUES(28,16,'1','2013-10-11','f');
INSERT INTO "spt_game" VALUES(29,16,'2','2013-10-11','f');
INSERT INTO "spt_game" VALUES(30,16,'1','2013-10-25','f');
INSERT INTO "spt_game" VALUES(31,16,'2','2013-10-25','f');
INSERT INTO "spt_game" VALUES(32,16,'1','2013-11-08','f');
INSERT INTO "spt_game" VALUES(33,16,'2','2013-11-08','f');
INSERT INTO "spt_game" VALUES(34,16,'1','2013-11-22','f');
INSERT INTO "spt_game" VALUES(35,16,'2','2013-11-22','f');
INSERT INTO "spt_game" VALUES(36,16,'1','2013-12-06','f');
INSERT INTO "spt_game" VALUES(37,16,'2','2013-12-06','f');
INSERT INTO "spt_game" VALUES(38,16,'1','2013-12-20','f');
INSERT INTO "spt_game" VALUES(39,16,'2','2013-12-20','f');
INSERT INTO "spt_game" VALUES(40,16,'1','2014-01-03','f');
INSERT INTO "spt_game" VALUES(41,16,'2','2014-01-03','f');
INSERT INTO "spt_game" VALUES(42,16,'1','2014-01-17','f');
INSERT INTO "spt_game" VALUES(43,16,'2','2014-01-17','f');
INSERT INTO "spt_game" VALUES(44,16,'1','2014-01-31','f');
INSERT INTO "spt_game" VALUES(45,16,'2','2014-01-31','f');
INSERT INTO "spt_game" VALUES(46,16,'1','2014-02-14','f');
INSERT INTO "spt_game" VALUES(47,16,'2','2014-02-14','f');
INSERT INTO "spt_game" VALUES(48,16,'1','2014-02-28','f');
INSERT INTO "spt_game" VALUES(49,16,'2','2014-02-28','f');
INSERT INTO "spt_game" VALUES(50,17,'1','2014-03-14','f');
INSERT INTO "spt_game" VALUES(51,17,'2','2014-03-14','f');
INSERT INTO "spt_game" VALUES(52,17,'1','2014-03-28','f');
INSERT INTO "spt_game" VALUES(53,17,'2','2014-03-28','f');
INSERT INTO "spt_game" VALUES(54,17,'1','2014-04-11','f');
INSERT INTO "spt_game" VALUES(55,17,'2','2014-04-11','f');
INSERT INTO "spt_game" VALUES(56,16,'1','2014-04-18','t');
INSERT INTO "spt_game" VALUES(57,17,'1','2014-04-25','f');
INSERT INTO "spt_game" VALUES(58,17,'2','2014-04-25','f');
INSERT INTO "spt_play" VALUES(23,'Eddie',8,0,'1',0,0,'t');
INSERT INTO "spt_play" VALUES(24,'Arlindo',11,0,'1',0,0,'t');
INSERT INTO "spt_play" VALUES(25,'Arlindo',12,0,'1',0,0,'t');
INSERT INTO "spt_play" VALUES(26,'Walt',13,0,'1',0,0,'t');
INSERT INTO "spt_play" VALUES(27,'Kab',3,0,'1',0,0,'t');
INSERT INTO "spt_play" VALUES(28,'Pete',9,0,'1',0,0,'t');
INSERT INTO "spt_play" VALUES(29,'Cam',10,0,'1',0,0,'t');
INSERT INTO "spt_play" VALUES(30,'Shivak',26,60,'1',5,220,'t');
INSERT INTO "spt_play" VALUES(31,'Cam',26,60,'2',3,120,'t');
INSERT INTO "spt_play" VALUES(32,'Brint',26,60,'3',2,60,'t');
INSERT INTO "spt_play" VALUES(33,'Anu',26,60,'4',1,0,'t');
INSERT INTO "spt_play" VALUES(34,'Zubin',26,60,'0',0,0,'t');
INSERT INTO "spt_play" VALUES(36,'Dom',26,60,'0',0,0,'t');
INSERT INTO "spt_play" VALUES(37,'Rob',26,60,'0',0,0,'t');
INSERT INTO "spt_play" VALUES(38,'Arlindo',27,60,'0',0,0,'t');
INSERT INTO "spt_play" VALUES(39,'Cam',27,60,'1',5,220,'t');
INSERT INTO "spt_play" VALUES(40,'Anu',27,60,'0',0,0,'t');
INSERT INTO "spt_play" VALUES(41,'Dom',27,60,'0',0,0,'t');
INSERT INTO "spt_play" VALUES(42,'Brint',27,60,'4',1,0,'t');
INSERT INTO "spt_play" VALUES(43,'Shivak',27,60,'3',2,60,'t');
INSERT INTO "spt_play" VALUES(44,'Rob',27,60,'2',3,120,'t');
INSERT INTO "spt_play" VALUES(45,'Zubin',28,60,'1',5,220,'t');
INSERT INTO "spt_play" VALUES(46,'Cam',28,60,'3',2,60,'t');
INSERT INTO "spt_play" VALUES(47,'Naren',28,60,'0',0,0,'t');
INSERT INTO "spt_play" VALUES(48,'Joe',28,60,'0',0,0,'t');
INSERT INTO "spt_play" VALUES(49,'Anu',28,60,'4',1,0,'t');
INSERT INTO "spt_play" VALUES(50,'Brint',28,60,'2',3,120,'t');
INSERT INTO "spt_play" VALUES(51,'Shivak',28,60,'0',0,0,'t');
INSERT INTO "spt_play" VALUES(52,'Zubin',29,60,'0',0,0,'t');
INSERT INTO "spt_play" VALUES(53,'Cam',29,60,'1',5,220,'t');
INSERT INTO "spt_play" VALUES(54,'Naren',29,60,'0',0,0,'t');
INSERT INTO "spt_play" VALUES(55,'Joe',29,60,'3',2,0,'t');
INSERT INTO "spt_play" VALUES(56,'Anu',29,60,'4',1,0,'t');
INSERT INTO "spt_play" VALUES(57,'Brint',29,60,'0',0,0,'t');
INSERT INTO "spt_play" VALUES(58,'Shivak',29,60,'2',3,120,'t');
INSERT INTO "spt_play" VALUES(59,'Zubin',30,60,'2',3,160,'t');
INSERT INTO "spt_play" VALUES(60,'Arlindo',30,60,'4',1,0,'t');
INSERT INTO "spt_play" VALUES(61,'Jesse',30,60,'1',5,270,'t');
INSERT INTO "spt_play" VALUES(62,'Joe',30,60,'0',0,0,'t');
INSERT INTO "spt_play" VALUES(63,'Naren',30,60,'0',0,0,'t');
INSERT INTO "spt_play" VALUES(64,'Dom',30,60,'3',2,70,'t');
INSERT INTO "spt_play" VALUES(65,'Brint',30,60,'0',0,0,'t');
INSERT INTO "spt_play" VALUES(66,'Shivak',30,60,'0',0,0,'t');
INSERT INTO "spt_play" VALUES(67,'Rob',30,60,'0',0,0,'t');
INSERT INTO "spt_play" VALUES(68,'Zubin',31,60,'0',0,0,'t');
INSERT INTO "spt_play" VALUES(69,'Arlindo',31,60,'2',3,140,'t');
INSERT INTO "spt_play" VALUES(70,'Jesse',31,60,'0',0,0,'t');
INSERT INTO "spt_play" VALUES(71,'Joe',31,60,'0',0,0,'t');
INSERT INTO "spt_play" VALUES(72,'Dom',31,60,'1',5,250,'t');
INSERT INTO "spt_play" VALUES(73,'Brint',31,60,'3',2,60,'t');
INSERT INTO "spt_play" VALUES(74,'Shivak',31,60,'0',0,0,'t');
INSERT INTO "spt_play" VALUES(75,'Rob',31,60,'4',1,0,'t');
INSERT INTO "spt_play" VALUES(76,'Zubin',32,60,'0',0,0,'t');
INSERT INTO "spt_play" VALUES(77,'Arlindo',32,60,'4',1,0,'t');
INSERT INTO "spt_play" VALUES(78,'Joe',32,60,'0',0,0,'t');
INSERT INTO "spt_play" VALUES(79,'Anu',32,60,'3',2,0,'t');
INSERT INTO "spt_play" VALUES(80,'Dom',32,60,'1',5,220,'t');
INSERT INTO "spt_play" VALUES(81,'Shivak',32,60,'0',0,0,'t');
INSERT INTO "spt_play" VALUES(82,'Kab',32,60,'2',3,120,'t');
INSERT INTO "spt_play" VALUES(83,'Zubin',33,60,'0',0,0,'t');
INSERT INTO "spt_play" VALUES(84,'Arlindo',33,60,'2',3,100,'t');
INSERT INTO "spt_play" VALUES(85,'Joe',33,60,'0',0,0,'t');
INSERT INTO "spt_play" VALUES(86,'Anu',33,60,'1',5,200,'t');
INSERT INTO "spt_play" VALUES(87,'Dom',33,60,'3',2,0,'t');
INSERT INTO "spt_play" VALUES(88,'Shivak',33,60,'4',1,0,'t');
INSERT INTO "spt_play" VALUES(90,'Arlindo',34,60,'0',0,0,'t');
INSERT INTO "spt_play" VALUES(91,'Jesse',34,60,'4',1,0,'t');
INSERT INTO "spt_play" VALUES(92,'Cam',34,60,'3',2,60,'t');
INSERT INTO "spt_play" VALUES(93,'Naren',34,60,'0',0,0,'t');
INSERT INTO "spt_play" VALUES(94,'Joe',34,60,'0',0,0,'t');
INSERT INTO "spt_play" VALUES(95,'Anu',34,60,'0',0,0,'t');
INSERT INTO "spt_play" VALUES(96,'Shivak',34,60,'2',3,120,'t');
INSERT INTO "spt_play" VALUES(97,'Brint',34,60,'1',5,220,'t');
INSERT INTO "spt_play" VALUES(98,'Arlindo',35,60,'0',0,0,'t');
INSERT INTO "spt_play" VALUES(99,'Jesse',35,60,'3',2,60,'t');
INSERT INTO "spt_play" VALUES(100,'Cam',35,60,'0',0,0,'t');
INSERT INTO "spt_play" VALUES(101,'Naren',35,60,'0',0,0,'t');
INSERT INTO "spt_play" VALUES(102,'Joe',35,60,'4',1,0,'t');
INSERT INTO "spt_play" VALUES(103,'Anu',35,60,'0',0,0,'t');
INSERT INTO "spt_play" VALUES(104,'Brint',35,60,'1',5,220,'t');
INSERT INTO "spt_play" VALUES(105,'Shivak',35,60,'2',3,120,'t');
INSERT INTO "spt_play" VALUES(106,'Arlindo',36,60,'0',0,0,'t');
INSERT INTO "spt_play" VALUES(107,'Joe',36,60,'0',0,0,'t');
INSERT INTO "spt_play" VALUES(108,'Anu',36,60,'4',1,0,'t');
INSERT INTO "spt_play" VALUES(109,'Dom',36,60,'3',2,50,'t');
INSERT INTO "spt_play" VALUES(110,'Brint',36,60,'0',0,0,'t');
INSERT INTO "spt_play" VALUES(111,'Shivak',36,60,'1',5,150,'t');
INSERT INTO "spt_play" VALUES(112,'Rob',36,60,'2',3,150,'t');
INSERT INTO "spt_play" VALUES(113,'Arlindo',37,60,'1',5,200,'t');
INSERT INTO "spt_play" VALUES(114,'Joe',37,60,'0',0,0,'t');
INSERT INTO "spt_play" VALUES(115,'Anu',37,60,'0',0,0,'t');
INSERT INTO "spt_play" VALUES(116,'Dom',37,60,'3',2,50,'t');
INSERT INTO "spt_play" VALUES(117,'Brint',37,60,'0',0,0,'t');
INSERT INTO "spt_play" VALUES(118,'Shivak',37,60,'2',3,100,'t');
INSERT INTO "spt_play" VALUES(119,'Rob',37,60,'4',1,0,'t');
INSERT INTO "spt_play" VALUES(120,'Zubin',38,60,'0',0,0,'t');
INSERT INTO "spt_play" VALUES(121,'Arlindo',38,60,'0',0,0,'t');
INSERT INTO "spt_play" VALUES(122,'Cam',38,60,'2',3,120,'t');
INSERT INTO "spt_play" VALUES(123,'Joe',38,60,'0',0,0,'t');
INSERT INTO "spt_play" VALUES(124,'Dom',38,60,'4',1,0,'t');
INSERT INTO "spt_play" VALUES(125,'Brint',38,60,'3',2,60,'t');
INSERT INTO "spt_play" VALUES(126,'Shivak',38,60,'1',5,220,'t');
INSERT INTO "spt_play" VALUES(127,'Rob',38,60,'0',0,0,'t');
INSERT INTO "spt_play" VALUES(128,'Zubin',39,60,'0',0,0,'t');
INSERT INTO "spt_play" VALUES(129,'Arlindo',39,60,'0',0,0,'t');
INSERT INTO "spt_play" VALUES(130,'Cam',39,60,'0',0,0,'t');
INSERT INTO "spt_play" VALUES(131,'Joe',39,60,'4',1,0,'t');
INSERT INTO "spt_play" VALUES(132,'Dom',39,60,'1',5,220,'t');
INSERT INTO "spt_play" VALUES(133,'Brint',39,60,'0',0,0,'t');
INSERT INTO "spt_play" VALUES(134,'Shivak',39,60,'2',3,120,'t');
INSERT INTO "spt_play" VALUES(135,'Rob',39,60,'3',2,60,'t');
INSERT INTO "spt_play" VALUES(136,'Zubin',40,60,'2',3,140,'t');
INSERT INTO "spt_play" VALUES(137,'Arlindo',40,60,'1',5,250,'t');
INSERT INTO "spt_play" VALUES(138,'Cam',40,60,'4',1,0,'t');
INSERT INTO "spt_play" VALUES(139,'Joe',40,60,'0',0,0,'t');
INSERT INTO "spt_play" VALUES(140,'Dom',40,60,'0',0,0,'t');
INSERT INTO "spt_play" VALUES(141,'Brint',40,60,'0',0,0,'t');
INSERT INTO "spt_play" VALUES(142,'Shivak',40,60,'0',0,0,'t');
INSERT INTO "spt_play" VALUES(143,'Rob',40,60,'3',2,60,'t');
INSERT INTO "spt_play" VALUES(144,'Zubin',41,60,'0',0,0,'t');
INSERT INTO "spt_play" VALUES(145,'Arlindo',41,60,'4',1,0,'t');
INSERT INTO "spt_play" VALUES(146,'Cam',41,60,'0',0,0,'t');
INSERT INTO "spt_play" VALUES(147,'Joe',41,60,'0',0,0,'t');
INSERT INTO "spt_play" VALUES(148,'Dom',41,60,'0',0,0,'t');
INSERT INTO "spt_play" VALUES(149,'Brint',41,60,'3',2,60,'t');
INSERT INTO "spt_play" VALUES(150,'Shivak',41,60,'0',0,0,'t');
INSERT INTO "spt_play" VALUES(151,'Kab',41,60,'2',3,140,'t');
INSERT INTO "spt_play" VALUES(152,'Rob',41,60,'1',5,250,'t');
INSERT INTO "spt_play" VALUES(153,'Arlindo',42,60,'4',1,0,'t');
INSERT INTO "spt_play" VALUES(154,'Joe',42,60,'3',2,0,'t');
INSERT INTO "spt_play" VALUES(155,'Brint',42,60,'2',3,125,'t');
INSERT INTO "spt_play" VALUES(156,'Shivak',42,60,'0',0,0,'t');
INSERT INTO "spt_play" VALUES(157,'Rob',42,60,'1',5,125,'t');
INSERT INTO "spt_play" VALUES(158,'Arlindo',43,60,'1',5,170,'t');
INSERT INTO "spt_play" VALUES(159,'Joe',43,60,'4',1,0,'t');
INSERT INTO "spt_play" VALUES(160,'Brint',43,60,'2',3,80,'t');
INSERT INTO "spt_play" VALUES(161,'Shivak',43,60,'0',0,0,'t');
INSERT INTO "spt_play" VALUES(162,'Rob',43,60,'3',2,0,'t');
INSERT INTO "spt_play" VALUES(163,'Zubin',44,60,'1',5,250,'t');
INSERT INTO "spt_play" VALUES(164,'Arlindo',44,60,'0',0,0,'t');
INSERT INTO "spt_play" VALUES(165,'Cam',44,60,'3',2,60,'t');
INSERT INTO "spt_play" VALUES(166,'Joe',44,60,'0',0,0,'t');
INSERT INTO "spt_play" VALUES(167,'Dom',44,60,'4',1,0,'t');
INSERT INTO "spt_play" VALUES(168,'Brint',44,60,'2',3,140,'t');
INSERT INTO "spt_play" VALUES(169,'Shivak',44,60,'0',0,0,'t');
INSERT INTO "spt_play" VALUES(170,'Kab',44,60,'0',0,0,'t');
INSERT INTO "spt_play" VALUES(171,'Arlindo',45,60,'3',2,60,'t');
INSERT INTO "spt_play" VALUES(172,'Cam',45,60,'1',5,220,'t');
INSERT INTO "spt_play" VALUES(173,'Joe',45,60,'0',0,0,'t');
INSERT INTO "spt_play" VALUES(174,'Dom',45,60,'0',0,0,'t');
INSERT INTO "spt_play" VALUES(175,'Brint',45,60,'0',0,0,'t');
INSERT INTO "spt_play" VALUES(176,'Shivak',45,60,'2',3,120,'t');
INSERT INTO "spt_play" VALUES(177,'Kab',45,60,'4',1,0,'t');
INSERT INTO "spt_play" VALUES(178,'Cam',18,0,'1',0,0,'t');
INSERT INTO "spt_play" VALUES(179,'Kab',19,0,'1',0,0,'t');
INSERT INTO "spt_play" VALUES(180,'Walt',20,0,'1',0,0,'t');
INSERT INTO "spt_play" VALUES(181,'Arlindo',21,0,'1',0,0,'t');
INSERT INTO "spt_play" VALUES(182,'Walt',22,0,'1',0,0,'t');
INSERT INTO "spt_play" VALUES(183,'Cam',23,0,'1',0,0,'t');
INSERT INTO "spt_play" VALUES(184,'Cam',24,0,'1',0,0,'t');
INSERT INTO "spt_play" VALUES(185,'Shivak',25,0,'1',0,0,'t');
INSERT INTO "spt_play" VALUES(186,'Arlindo',48,60,'0',0,0,'t');
INSERT INTO "spt_play" VALUES(187,'Brint',48,60,'4',1,0,'t');
INSERT INTO "spt_play" VALUES(189,'Cam',48,60,'1',5,240,'t');
INSERT INTO "spt_play" VALUES(190,'Dom',48,60,'3',2,0,'t');
INSERT INTO "spt_play" VALUES(191,'Jesse',48,60,'2',3,0,'t');
INSERT INTO "spt_play" VALUES(192,'Zubin',48,60,'0',0,0,'t');
INSERT INTO "spt_play" VALUES(193,'Rob',48,60,'0',0,0,'t');
INSERT INTO "spt_play" VALUES(194,'Shivak',48,60,'0',0,0,'t');
INSERT INTO "spt_play" VALUES(195,'Arlindo',49,60,'0',0,0,'t');
INSERT INTO "spt_play" VALUES(196,'Brint',49,60,'0',0,0,'t');
INSERT INTO "spt_play" VALUES(197,'Cam',49,60,'2',3,60,'t');
INSERT INTO "spt_play" VALUES(198,'Dom',49,60,'0',0,0,'t');
INSERT INTO "spt_play" VALUES(199,'Jesse',49,60,'3',2,0,'t');
INSERT INTO "spt_play" VALUES(200,'Rob',49,60,'1',5,140,'t');
INSERT INTO "spt_play" VALUES(201,'Shivak',49,60,'4',1,0,'t');
INSERT INTO "spt_play" VALUES(202,'JohnT',48,50,'0',0,240,'f');
INSERT INTO "spt_play" VALUES(203,'Bursic',48,50,'0',0,70,'f');
INSERT INTO "spt_play" VALUES(204,'Naren',48,50,'0',0,0,'f');
INSERT INTO "spt_play" VALUES(205,'JohnT',49,50,'0',0,250,'f');
INSERT INTO "spt_play" VALUES(206,'Claudio',49,50,'0',0,0,'f');
INSERT INTO "spt_play" VALUES(207,'Anu',50,60,'1',5,300,'t');
INSERT INTO "spt_play" VALUES(208,'Zubin',50,60,'2',3,170,'t');
INSERT INTO "spt_play" VALUES(209,'Shivak',50,60,'3',2,70,'t');
INSERT INTO "spt_play" VALUES(210,'Jesse',50,60,'4',1,0,'t');
INSERT INTO "spt_play" VALUES(211,'Cam',50,60,'0',0,0,'t');
INSERT INTO "spt_play" VALUES(212,'Joe',50,60,'0',0,0,'t');
INSERT INTO "spt_play" VALUES(213,'Dom',50,60,'0',0,0,'t');
INSERT INTO "spt_play" VALUES(214,'Rish',50,50,'0',0,0,'f');
INSERT INTO "spt_play" VALUES(215,'Claudio',50,50,'0',0,0,'f');
INSERT INTO "spt_play" VALUES(216,'Naren',50,50,'0',0,0,'f');
INSERT INTO "spt_play" VALUES(217,'Bursic',50,50,'0',0,0,'f');
INSERT INTO "spt_play" VALUES(218,'Dom',51,60,'1',5,200,'t');
INSERT INTO "spt_play" VALUES(219,'Anu',51,60,'2',3,190,'t');
INSERT INTO "spt_play" VALUES(220,'Cam',51,60,'3',2,60,'t');
INSERT INTO "spt_play" VALUES(221,'Shivak',51,60,'4',1,0,'t');
INSERT INTO "spt_play" VALUES(222,'Joe',51,60,'0',0,0,'t');
INSERT INTO "spt_play" VALUES(223,'Jesse',51,60,'0',0,0,'t');
INSERT INTO "spt_play" VALUES(224,'Rish',51,50,'0',0,0,'f');
INSERT INTO "spt_play" VALUES(225,'Claudio',51,50,'0',0,0,'f');
INSERT INTO "spt_play" VALUES(226,'Kab',51,50,'0',0,0,'f');
INSERT INTO "spt_play" VALUES(227,'Arlindo',52,60,'1',5,270,'t');
INSERT INTO "spt_play" VALUES(228,'Shivak',52,60,'2',3,160,'t');
INSERT INTO "spt_play" VALUES(229,'Brint',52,60,'3',2,70,'t');
INSERT INTO "spt_play" VALUES(230,'Rob',52,60,'4',1,0,'t');
INSERT INTO "spt_play" VALUES(231,'Dom',52,60,'0',0,0,'t');
INSERT INTO "spt_play" VALUES(232,'Bursic',52,50,'0',0,0,'f');
INSERT INTO "spt_play" VALUES(233,'Jesse',52,60,'0',0,0,'t');
INSERT INTO "spt_play" VALUES(234,'Joe',52,60,'0',0,0,'t');
INSERT INTO "spt_play" VALUES(235,'Naren',52,50,'0',0,0,'f');
INSERT INTO "spt_play" VALUES(236,'Zubin',52,60,'0',0,0,'t');
INSERT INTO "spt_play" VALUES(237,'Shivak',53,60,'1',5,220,'t');
INSERT INTO "spt_play" VALUES(238,'Arlindo',53,60,'2',3,120,'t');
INSERT INTO "spt_play" VALUES(239,'Rob',53,60,'3',2,60,'t');
INSERT INTO "spt_play" VALUES(240,'Brint',53,60,'4',1,0,'t');
INSERT INTO "spt_play" VALUES(241,'Dom',53,60,'0',0,0,'t');
INSERT INTO "spt_play" VALUES(242,'Jesse',53,60,'0',0,0,'t');
INSERT INTO "spt_play" VALUES(243,'Zubin',53,60,'0',0,0,'t');
INSERT INTO "spt_play" VALUES(244,'Joe',53,60,'0',0,0,'t');
INSERT INTO "spt_play" VALUES(245,'Cam',54,60,'1',5,240,'t');
INSERT INTO "spt_play" VALUES(246,'Dom',54,60,'2',3,240,'t');
INSERT INTO "spt_play" VALUES(247,'Rob',54,60,'3',2,70,'t');
INSERT INTO "spt_play" VALUES(248,'Brint',54,60,'4',1,0,'t');
INSERT INTO "spt_play" VALUES(249,'Arlindo',54,60,'0',0,0,'t');
INSERT INTO "spt_play" VALUES(250,'Shivak',54,60,'0',0,0,'t');
INSERT INTO "spt_play" VALUES(251,'Bursic',54,50,'0',0,0,'f');
INSERT INTO "spt_play" VALUES(252,'Joe',54,60,'0',0,0,'t');
INSERT INTO "spt_play" VALUES(253,'JohnT',54,50,'0',0,0,'f');
INSERT INTO "spt_play" VALUES(254,'Naren',54,50,'0',0,0,'f');
INSERT INTO "spt_play" VALUES(255,'Anu',54,60,'0',0,0,'t');
INSERT INTO "spt_play" VALUES(256,'Cam',55,60,'1',5,250,'t');
INSERT INTO "spt_play" VALUES(257,'Dom',55,60,'2',3,140,'t');
INSERT INTO "spt_play" VALUES(258,'Shivak',55,60,'3',2,0,'t');
INSERT INTO "spt_play" VALUES(259,'Arlindo',55,60,'4',1,0,'t');
INSERT INTO "spt_play" VALUES(260,'Joe',55,60,'0',0,0,'t');
INSERT INTO "spt_play" VALUES(261,'Brint',55,60,'0',0,0,'t');
INSERT INTO "spt_play" VALUES(262,'JohnT',55,50,'0',0,60,'f');
INSERT INTO "spt_play" VALUES(263,'Anu',55,60,'0',0,0,'t');
INSERT INTO "spt_play" VALUES(264,'Rob',55,60,'0',0,0,'t');
INSERT INTO "spt_play" VALUES(265,'Shivak',56,0,'1',0,560,'t');
INSERT INTO "spt_play" VALUES(266,'Brint',56,0,'2',0,560,'t');
INSERT INTO "spt_play" VALUES(267,'Cam',56,0,'3',0,270,'t');
INSERT INTO "spt_play" VALUES(268,'Arlindo',56,0,'4',0,0,'t');
INSERT INTO "spt_play" VALUES(269,'Rob',56,0,'0',0,0,'t');
INSERT INTO "spt_play" VALUES(270,'Zubin',56,0,'0',0,0,'t');
INSERT INTO "spt_play" VALUES(271,'Jesse',56,0,'0',0,0,'t');
INSERT INTO "spt_play" VALUES(272,'Dom',56,0,'0',0,0,'t');
INSERT INTO "spt_play" VALUES(273,'Shivak',57,60,'1',5,140,'t');
INSERT INTO "spt_play" VALUES(274,'Arlindo',57,60,'2',3,60,'t');
INSERT INTO "spt_play" VALUES(275,'Brint',57,60,'3',2,0,'t');
INSERT INTO "spt_play" VALUES(276,'Rob',57,60,'4',1,0,'t');
INSERT INTO "spt_play" VALUES(277,'Naren',57,50,'0',0,250,'f');
INSERT INTO "spt_play" VALUES(278,'Bursic',57,50,'0',0,0,'f');
INSERT INTO "spt_play" VALUES(279,'Zubin',57,60,'0',0,0,'t');
INSERT INTO "spt_play" VALUES(280,'Joe',57,60,'0',0,0,'t');
INSERT INTO "spt_play" VALUES(281,'Cam',57,60,'0',0,0,'t');
INSERT INTO "spt_play" VALUES(282,'Joe',58,60,'1',5,200,'t');
INSERT INTO "spt_play" VALUES(283,'Arlindo',58,60,'2',3,100,'t');
INSERT INTO "spt_play" VALUES(284,'Brint',58,60,'3',2,50,'t');
INSERT INTO "spt_play" VALUES(285,'Cam',58,60,'4',1,0,'t');
INSERT INTO "spt_play" VALUES(286,'Shivak',58,60,'0',0,0,'t');
INSERT INTO "spt_play" VALUES(287,'Naren',58,50,'0',0,0,'f');
INSERT INTO "spt_play" VALUES(288,'Rob',58,60,'0',0,0,'t');
INSERT INTO "spt_newsflash" VALUES(1,'Dave is gay!','2014-02-13 12:31:27.906415');
INSERT INTO "spt_newsflash" VALUES(2,'Night 12 was a nail-biter, Dave got into Brent''s head and caused him to go out first. Cam almost took first place overall, but fell short.','2014-03-01 15:35:19.463100');
INSERT INTO "spt_newsflash" VALUES(3,'Season 17, Night 2 at Rob''s was a crazy night. Shivak was able to get Brent''s blood pressure up to 250 over 140. ','2014-03-29 02:41:49.704256');
COMMIT;
